file_path,category,year,file_size_bytes,sha256,format,geometry_type,feature_count,crs,bbox,element_type_counts,driver,dtype,width,height,count,band_names,nodata_vals,transform
data/raw/gis/administrative/delhi_districts_osm.json,gis,,817067,89237346f51a46d8390188c966c2d251ec67d18a7e7bd8241ef0897b8b5971d8,json,osm-overpass-json(node/relation/way),7415.0,"EPSG:4326 (implied, OSM lon/lat)","[76.6437231, 28.2005681, 77.6925147, 29.1464244]","{'relation': 13, 'node': 7231, 'way': 171}",,,,,,,,
data/raw/gis/administrative/README.md,gis,,596,8771a405ea5cdaa6ec4d3420d2d6fa9b22e2d17944fa37e74f353e9a107f5f13,md,,,,,,,,,,,,,
data/raw/gis/buildings/delhi_buildings_sample_osm.json,gis,,11962432,861db3c57bba55b4a2bdfcc7ee4bcb5df4c1fd8a6ca00a2cc5b48d99330fa406,json,osm-overpass-json(node/way),107645.0,"EPSG:4326 (implied, OSM lon/lat)","[77.1788717, 28.5990553, 77.2601784, 28.681079]","{'way': 16656, 'node': 90989}",,,,,,,,
data/raw/gis/buildings/DOWNLOAD_FULL_DATA.md,gis,,1205,de4d57f28bbd1c1dcaed7ce27a2461003fa30a55d2ffaa1914f953532792690a,md,,,,,,,,,,,,,
data/raw/gis/buildings/README.md,gis,,603,2bd094363e530e6241e5c106a60ebd71bfadf8afad673e1fd65cb5718bdd85d3,md,,,,,,,,,,,,,
data/raw/gis/landuse/delhi_landuse_osm.json,gis,,5900132,11d6b1d9f0908e97c6e2859289dc48e033b7aedf182186480ef626f1ca3f9a69,json,osm-overpass-json(node/way),49999.0,"EPSG:4326 (implied, OSM lon/lat)","[76.8167549, 28.3870884, 77.3675065, 28.887466]","{'way': 6262, 'node': 43737}",,,,,,,,
data/raw/gis/landuse/README.md,gis,,761,9c070c291962a41ce62e36a0ff5c4b3b79813f41f5f95a591f4247944dd9db47,md,,,,,,,,,,,,,
data/raw/gis/roads/delhi_roads_major_osm.json,gis,,3842546,09097283ce57c6127f4f41d20f8bffe259b82c68c0709ec7773bdbfd50217a7a,json,osm-overpass-json(node/way),28225.0,"EPSG:4326 (implied, OSM lon/lat)","[76.7735133, 28.3760212, 77.3993611, 28.8976271]","{'way': 3620, 'node': 24605}",,,,,,,,
data/raw/gis/roads/README.md,gis,,657,689040277a55b8a6b2b44c75de553a3977fcff3683af2c894848f138d95080f1,md,,,,,,,,,,,,,
data/raw/gis/study_area/study_area.geojson,gis,,80488,0846e9ad3892d2b2d01d98549460a23e3b5d61f12b71fc17e39005f5209550f0,geojson,MultiPolygon,1.0,EPSG:4326,"[np.float64(76.8388351), np.float64(28.4046285), np.float64(77.3453379), np.float64(28.8834464)]",,,,,,,,,
data/raw/gis/vegetation/delhi_vegetation_osm.json,gis,,6667234,bfeb6e1c5667b2512cf0b501e14efd152f86b802bf182b438302ca649e2d4a02,json,osm-overpass-json(node/way),59857.0,"EPSG:4326 (implied, OSM lon/lat)","[76.8371795, 28.3914446, 77.3710496, 28.8618287]","{'way': 6468, 'node': 53389}",,,,,,,,
data/raw/gis/vegetation/README.md,gis,,672,54e4df1c33c6b43e4566104d6a37f592584725bb6d33d92bb65608aa15a5631c,md,,,,,,,,,,,,,
data/raw/landsat9/2022_07/landsat9_2022_07_best_scene_30m.tif,landsat9,2022.0,45605023,d8d721fbe69e7bf29481bc2fd7a5630a75f06f366732a98e8e976e43ac668eef,tif,,,EPSG:4326,,,GTiff,float32,1874.0,1768.0,8.0,"['SR_B2', 'SR_B3', 'SR_B4', 'SR_B5', 'SR_B6', 'SR_B7', 'ST_B10', 'QA_PIXEL']","[None, None, None, None, None, None, None, None]","[0.00026949458523585647, 0.0, 76.83290625074268, 0.0, -0.00026949458523585647, 28.884699140164333]"
data/raw/landsat9/2022_07/landsat9_2022_07_composite_30m.tif,landsat9,2022.0,100739031,17af0807590ded8732e5d9bc5f6a29226dc09e713a3c990540233765a11d9987,tif,,,EPSG:4326,,,GTiff,float64,1874.0,1768.0,8.0,"['SR_B2', 'SR_B3', 'SR_B4', 'SR_B5', 'SR_B6', 'SR_B7', 'ST_B10', 'QA_PIXEL']","[None, None, None, None, None, None, None, None]","[0.00026949458523585647, 0.0, 76.83290625074268, 0.0, -0.00026949458523585647, 28.884699140164333]"
data/raw/landsat9/2023_07/landsat9_2023_07_composite_30m.tif,landsat9,2023.0,99144587,a15db1a19ba393abbe59f36d4cd64b2db2b894736ce5914eda3a1a2bf2d666d8,tif,,,EPSG:4326,,,GTiff,float64,1874.0,1768.0,8.0,"['SR_B2', 'SR_B3', 'SR_B4', 'SR_B5', 'SR_B6', 'SR_B7', 'ST_B10', 'QA_PIXEL']","[None, None, None, None, None, None, None, None]","[0.00026949458523585647, 0.0, 76.83290625074268, 0.0, -0.00026949458523585647, 28.884699140164333]"
data/raw/landsat9/2024_07/landsat9_2024_07_composite_30m.tif,landsat9,2024.0,79867123,4f1db0f06351bda8785eb5ddcecc50774bd9df2bacb52e5768991cb207a90886,tif,,,EPSG:4326,,,GTiff,float64,1874.0,1768.0,8.0,"['SR_B2', 'SR_B3', 'SR_B4', 'SR_B5', 'SR_B6', 'SR_B7', 'ST_B10', 'QA_PIXEL']","[None, None, None, None, None, None, None, None]","[0.00026949458523585647, 0.0, 76.83290625074268, 0.0, -0.00026949458523585647, 28.884699140164333]"
data/raw/landsat9/2025_07/landsat9_2025_07_composite_30m.tif,landsat9,2025.0,50498187,d182aad268468075dda43f4eaf478edae073469f806cbd0bf5601c316a5a4c79,tif,,,EPSG:4326,,,GTiff,float64,1874.0,1768.0,8.0,"['SR_B2', 'SR_B3', 'SR_B4', 'SR_B5', 'SR_B6', 'SR_B7', 'ST_B10', 'QA_PIXEL']","[None, None, None, None, None, None, None, None]","[0.00026949458523585647, 0.0, 76.83290625074268, 0.0, -0.00026949458523585647, 28.884699140164333]"
data/raw/landsat9/2026_07/landsat9_2026_07_best_scene_30m.tif,landsat9,2026.0,52979218,12b31d82b183c817721d028d6109a0cc33bc8951320f1c5a486aefd475837d90,tif,,,EPSG:4326,,,GTiff,float32,1874.0,1768.0,8.0,"['SR_B2', 'SR_B3', 'SR_B4', 'SR_B5', 'SR_B6', 'SR_B7', 'ST_B10', 'QA_PIXEL']","[None, None, None, None, None, None, None, None]","[0.00026949458523585647, 0.0, 76.83290625074268, 0.0, -0.00026949458523585647, 28.884699140164333]"
data/raw/landsat9/2026_07/landsat9_2026_07_composite_30m.tif,landsat9,2026.0,105788866,73d8e4c41fa2fc693e2683072d01d9a703aac7430c7ba2a3a50e09c17abf4e71,tif,,,EPSG:4326,,,GTiff,float64,1874.0,1768.0,8.0,"['SR_B2', 'SR_B3', 'SR_B4', 'SR_B5', 'SR_B6', 'SR_B7', 'ST_B10', 'QA_PIXEL']","[None, None, None, None, None, None, None, None]","[0.00026949458523585647, 0.0, 76.83290625074268, 0.0, -0.00026949458523585647, 28.884699140164333]"
data/raw/lulc/2022_07/lulc_2022_10m.tif,lulc,2022.0,1137277,a2e7b4c483456cf78ee0edad4d3f8ed6b877342c54f66ef6d43171e8461f1d55,tif,,,EPSG:4326,,,GTiff,float32,5620.0,5300.0,1.0,['lulc'],[None],"[8.983152841195215e-05, 0.0, 76.83290625074267, 0.0, -8.983152841195215e-05, 28.884519477107506]"
data/raw/lulc/2023_07/lulc_2023_10m.tif,lulc,2023.0,1742246,d97d50828f12a02718d5037bfbd4734c57fdc10b9713e8421033e1ff6fc0de74,tif,,,EPSG:4326,,,GTiff,float32,5620.0,5300.0,1.0,['lulc'],[None],"[8.983152841195215e-05, 0.0, 76.83290625074267, 0.0, -8.983152841195215e-05, 28.884519477107506]"
data/raw/lulc/2024_07/lulc_2024_10m.tif,lulc,2024.0,2118165,cf04d3528422b4f1cd6e649f2fc38fd1d16de65b47755c474bfcc41d3ce51a0c,tif,,,EPSG:4326,,,GTiff,float32,5620.0,5300.0,1.0,['lulc'],[None],"[8.983152841195215e-05, 0.0, 76.83290625074267, 0.0, -8.983152841195215e-05, 28.884519477107506]"
data/raw/lulc/2025_07/lulc_2025_10m.tif,lulc,2025.0,939859,df95bb1557b88ba876ae2e1581c3825c88bbfdcac44fa7233ebf0a9ee9c10e1e,tif,,,EPSG:4326,,,GTiff,float32,5620.0,5300.0,1.0,['lulc'],[None],"[8.983152841195215e-05, 0.0, 76.83290625074267, 0.0, -8.983152841195215e-05, 28.884519477107506]"
data/raw/lulc/2026_07/lulc_2026_10m.tif,lulc,2026.0,2611254,4b4e5404847ffbc3ccc38bffa0276bc6c52b29f48fde2666dff51c9343b16819,tif,,,EPSG:4326,,,GTiff,float32,5620.0,5300.0,1.0,['lulc'],[None],"[8.983152841195215e-05, 0.0, 76.83290625074267, 0.0, -8.983152841195215e-05, 28.884519477107506]"
data/raw/sentinel2/2022_07/sentinel2_2022_07_10m_composite.tif,sentinel2,2022.0,346266526,3105d3182123b0cf7b6786532c34aa8cb97e74a27a98afe94bf0afbe481c0930,tif,,,EPSG:4326,,,GTiff,float64,5620.0,5300.0,4.0,"['B2', 'B3', 'B4', 'B8']","[None, None, None, None]","[8.983152841195215e-05, 0.0, 76.83290625074267, 0.0, -8.983152841195215e-05, 28.884519477107506]"
data/raw/sentinel2/2022_07/sentinel2_2022_07_20m_composite.tif,sentinel2,2022.0,140111318,f68ee383593a22d3a51909b69b753590f336abb8dd9d531310f183342c0a1c27,tif,,,EPSG:4326,,,GTiff,float64,2810.0,2651.0,7.0,"['B5', 'B6', 'B7', 'B8A', 'B11', 'B12', 'SCL']","[None, None, None, None, None, None, None]","[0.0001796630568239043, 0.0, 76.83290625074267, 0.0, -0.0001796630568239043, 28.884609308635916]"
data/raw/sentinel2/2023_07/sentinel2_2023_07_10m_composite.tif,sentinel2,2023.0,307213820,240c728540e03c40987c29b8fa5e81733da0769977866c502676d57b49c4fcea,tif,,,EPSG:4326,,,GTiff,float64,5620.0,5300.0,4.0,"['B2', 'B3', 'B4', 'B8']","[None, None, None, None]","[8.983152841195215e-05, 0.0, 76.83290625074267, 0.0, -8.983152841195215e-05, 28.884519477107506]"
data/raw/sentinel2/2023_07/sentinel2_2023_07_20m_composite.tif,sentinel2,2023.0,73850652,f56ab7c84478f4b5f7c677e59f5577ea357c6d456f4d7435406806474eec2711,tif,,,EPSG:4326,,,GTiff,float32,2810.0,2651.0,7.0,"['B5', 'B6', 'B7', 'B8A', 'B11', 'B12', 'SCL']","[None, None, None, None, None, None, None]","[0.0001796630568239043, 0.0, 76.83290625074267, 0.0, -0.0001796630568239043, 28.884609308635916]"
data/raw/sentinel2/2024_07/sentinel2_2024_07_10m_composite.tif,sentinel2,2024.0,180263568,a68537d7fc7031b0c87374eddcf38a4e6758c6588bb4990f522fcb0fce0e3b42,tif,,,EPSG:4326,,,GTiff,float64,5620.0,5300.0,4.0,"['B2', 'B3', 'B4', 'B8']","[None, None, None, None]","[8.983152841195215e-05, 0.0, 76.83290625074267, 0.0, -8.983152841195215e-05, 28.884519477107506]"
data/raw/sentinel2/2024_07/sentinel2_2024_07_20m_composite.tif,sentinel2,2024.0,42477806,b1c671feeb9784157e64d59cf6ce5e10b3c594a06e095410bdf1281f71f2b552,tif,,,EPSG:4326,,,GTiff,float32,2810.0,2651.0,7.0,"['B5', 'B6', 'B7', 'B8A', 'B11', 'B12', 'SCL']","[None, None, None, None, None, None, None]","[0.0001796630568239043, 0.0, 76.83290625074267, 0.0, -0.0001796630568239043, 28.884609308635916]"
data/raw/sentinel2/2025_07/sentinel2_2025_07_10m_composite.tif,sentinel2,2025.0,114332312,4e4c1f46d8658b09db5f6c46db0eceff045d5a0a8afb5044fa92c92771d7c0fc,tif,,,EPSG:4326,,,GTiff,float64,5620.0,5300.0,4.0,"['B2', 'B3', 'B4', 'B8']","[None, None, None, None]","[8.983152841195215e-05, 0.0, 76.83290625074267, 0.0, -8.983152841195215e-05, 28.884519477107506]"
data/raw/sentinel2/2025_07/sentinel2_2025_07_20m_composite.tif,sentinel2,2025.0,26570988,5cc9ec92b3ed44fc4005a514df2c16e0498bcdb65521b50a7b2c0887832ee937,tif,,,EPSG:4326,,,GTiff,float32,2810.0,2651.0,7.0,"['B5', 'B6', 'B7', 'B8A', 'B11', 'B12', 'SCL']","[None, None, None, None, None, None, None]","[0.0001796630568239043, 0.0, 76.83290625074267, 0.0, -0.0001796630568239043, 28.884609308635916]"
data/raw/sentinel2/2026_07/sentinel2_2026_07_10m_composite.tif,sentinel2,2026.0,395022656,985c2b9d6d36eac7f2f83cc5ce2448dd0d648fcf3b4ddeeb055a2486a2e6a25e,tif,,,EPSG:4326,,,GTiff,float64,5620.0,5300.0,4.0,"['B2', 'B3', 'B4', 'B8']","[None, None, None, None]","[8.983152841195215e-05, 0.0, 76.83290625074267, 0.0, -8.983152841195215e-05, 28.884519477107506]"
data/raw/sentinel2/2026_07/sentinel2_2026_07_20m_composite.tif,sentinel2,2026.0,158696520,65f8924c2856fdff36c976b13e26d75a9cf4fc73efed419069cd532489908c82,tif,,,EPSG:4326,,,GTiff,float64,2810.0,2651.0,7.0,"['B5', 'B6', 'B7', 'B8A', 'B11', 'B12', 'SCL']","[None, None, None, None, None, None, None]","[0.0001796630568239043, 0.0, 76.83290625074267, 0.0, -0.0001796630568239043, 28.884609308635916]"
