dataset,year,block_id,grid_cells,valid_px,valid_pct
L9,2022,0,132750,0,0.00
L9,2022,1,132750,55934,42.13
L9,2022,2,132750,112234,84.55
L9,2022,3,132750,67583,50.91
L9,2022,4,132396,0,0.00
L9,2022,5,132750,0,0.00
L9,2022,6,132750,115979,87.37
L9,2022,7,132750,131689,99.20
L9,2022,8,132750,123149,92.77
L9,2022,9,132396,35843,27.07
L9,2022,10,132375,36094,27.27
L9,2022,11,132375,123732,93.47
L9,2022,12,132375,126569,95.61
L9,2022,13,132375,121919,92.10
L9,2022,14,132022,99416,75.30
L9,2022,15,132750,78387,59.05
L9,2022,16,132750,91922,69.24
L9,2022,17,132750,106534,80.25
L9,2022,18,132750,101550,76.50
L9,2022,19,132396,69821,52.74
L9,2022,20,132375,0,0.00
L9,2022,21,132375,0,0.00
L9,2022,22,132375,24544,18.54
L9,2022,23,132375,110657,83.59
L9,2022,24,132022,10332,7.83
L9,2023,0,132750,0,0.00
L9,2023,1,132750,52847,39.81
L9,2023,2,132750,111032,83.64
L9,2023,3,132750,66062,49.76
L9,2023,4,132396,0,0.00
L9,2023,5,132750,0,0.00
L9,2023,6,132750,108872,82.01
L9,2023,7,132750,119976,90.38
L9,2023,8,132750,123677,93.17
L9,2023,9,132396,36251,27.38
L9,2023,10,132375,38294,28.93
L9,2023,11,132375,127038,95.97
L9,2023,12,132375,126971,95.92
L9,2023,13,132375,113760,85.94
L9,2023,14,132022,51396,38.93
L9,2023,15,132750,94752,71.38
L9,2023,16,132750,104017,78.36
L9,2023,17,132750,122609,92.36
L9,2023,18,132750,125685,94.68
L9,2023,19,132396,42521,32.12
L9,2023,20,132375,0,0.00
L9,2023,21,132375,0,0.00
L9,2023,22,132375,26006,19.65
L9,2023,23,132375,114326,86.37
L9,2023,24,132022,10088,7.64
L9,2024,0,132750,0,0.00
L9,2024,1,132750,56417,42.50
L9,2024,2,132750,105401,79.40
L9,2024,3,132750,22328,16.82
L9,2024,4,132396,0,0.00
L9,2024,5,132750,0,0.00
L9,2024,6,132750,77275,58.21
L9,2024,7,132750,123793,93.25
L9,2024,8,132750,88675,66.80
L9,2024,9,132396,16834,12.71
L9,2024,10,132375,25553,19.30
L9,2024,11,132375,74703,56.43
L9,2024,12,132375,105290,79.54
L9,2024,13,132375,99297,75.01
L9,2024,14,132022,45472,34.44
L9,2024,15,132750,52993,39.92
L9,2024,16,132750,78481,59.12
L9,2024,17,132750,80367,60.54
L9,2024,18,132750,120579,90.83
L9,2024,19,132396,50048,37.80
L9,2024,20,132375,0,0.00
L9,2024,21,132375,0,0.00
L9,2024,22,132375,22245,16.80
L9,2024,23,132375,99104,74.87
L9,2024,24,132022,10244,7.76
L9,2025,0,132750,0,0.00
L9,2025,1,132750,22108,16.65
L9,2025,2,132750,62881,47.37
L9,2025,3,132750,38212,28.78
L9,2025,4,132396,0,0.00
L9,2025,5,132750,0,0.00
L9,2025,6,132750,10266,7.73
L9,2025,7,132750,6183,4.66
L9,2025,8,132750,49389,37.20
L9,2025,9,132396,2686,2.03
L9,2025,10,132375,19798,14.96
L9,2025,11,132375,41012,30.98
L9,2025,12,132375,40017,30.23
L9,2025,13,132375,78484,59.29
L9,2025,14,132022,38146,28.89
L9,2025,15,132750,31168,23.48
L9,2025,16,132750,67113,50.56
L9,2025,17,132750,117425,88.46
L9,2025,18,132750,101749,76.65
L9,2025,19,132396,5846,4.42
L9,2025,20,132375,0,0.00
L9,2025,21,132375,0,0.00
L9,2025,22,132375,21977,16.60
L9,2025,23,132375,75090,56.73
L9,2025,24,132022,1604,1.21
L9,2026,0,132750,0,0.00
L9,2026,1,132750,56417,42.50
L9,2026,2,132750,112235,84.55
L9,2026,3,132750,66864,50.37
L9,2026,4,132396,0,0.00
L9,2026,5,132750,0,0.00
L9,2026,6,132750,115625,87.10
L9,2026,7,132750,132748,100.00
L9,2026,8,132750,124438,93.74
L9,2026,9,132396,42529,32.12
L9,2026,10,132375,35481,26.80
L9,2026,11,132375,128948,97.41
L9,2026,12,132375,132375,100.00
L9,2026,13,132375,131752,99.53
L9,2026,14,132022,111475,84.44
L9,2026,15,132750,91286,68.77
L9,2026,16,132750,104136,78.45
L9,2026,17,132750,122750,92.47
L9,2026,18,132750,132750,100.00
L9,2026,19,132396,94472,71.36
L9,2026,20,132375,0,0.00
L9,2026,21,132375,0,0.00
L9,2026,22,132375,26012,19.65
L9,2026,23,132375,116530,88.03
L9,2026,24,132022,16162,12.24
S2,2022,0,132750,0,0.00
S2,2022,1,132750,56231,42.36
S2,2022,2,132750,111526,84.01
S2,2022,3,132750,67630,50.95
S2,2022,4,132396,0,0.00
S2,2022,5,132750,0,0.00
S2,2022,6,132750,113761,85.70
S2,2022,7,132750,126009,94.92
S2,2022,8,132750,109357,82.38
S2,2022,9,132396,22916,17.31
S2,2022,10,132375,34982,26.43
S2,2022,11,132375,119253,90.09
S2,2022,12,132375,117144,88.49
S2,2022,13,132375,120461,91.00
S2,2022,14,132022,66732,50.55
S2,2022,15,132750,81181,61.15
S2,2022,16,132750,88478,66.65
S2,2022,17,132750,118089,88.96
S2,2022,18,132750,104400,78.64
S2,2022,19,132396,80423,60.74
S2,2022,20,132375,0,0.00
S2,2022,21,132375,0,0.00
S2,2022,22,132375,23703,17.91
S2,2022,23,132375,78265,59.12
S2,2022,24,132022,10786,8.17
S2,2023,0,132750,0,0.00
S2,2023,1,132750,55351,41.70
S2,2023,2,132750,83627,63.00
S2,2023,3,132750,29634,22.32
S2,2023,4,132396,0,0.00
S2,2023,5,132750,0,0.00
S2,2023,6,132750,116476,87.74
S2,2023,7,132750,101275,76.29
S2,2023,8,132750,32990,24.85
S2,2023,9,132396,8755,6.61
S2,2023,10,132375,36224,27.36
S2,2023,11,132375,128667,97.20
S2,2023,12,132375,112077,84.67
S2,2023,13,132375,74954,56.62
S2,2023,14,132022,42618,32.28
S2,2023,15,132750,92505,69.68
S2,2023,16,132750,99974,75.31
S2,2023,17,132750,122566,92.33
S2,2023,18,132750,127774,96.25
S2,2023,19,132396,66436,50.18
S2,2023,20,132375,0,0.00
S2,2023,21,132375,0,0.00
S2,2023,22,132375,26107,19.72
S2,2023,23,132375,112888,85.28
S2,2023,24,132022,9141,6.92
S2,2024,0,132750,0,0.00
S2,2024,1,132750,24400,18.38
S2,2024,2,132750,69120,52.07
S2,2024,3,132750,50822,38.28
S2,2024,4,132396,0,0.00
S2,2024,5,132750,0,0.00
S2,2024,6,132750,54401,40.98
S2,2024,7,132750,72538,54.64
S2,2024,8,132750,59345,44.70
S2,2024,9,132396,3065,2.32
S2,2024,10,132375,5601,4.23
S2,2024,11,132375,58053,43.85
S2,2024,12,132375,30316,22.90
S2,2024,13,132375,23914,18.07
S2,2024,14,132022,28265,21.41
S2,2024,15,132750,35047,26.40
S2,2024,16,132750,70398,53.03
S2,2024,17,132750,77478,58.36
S2,2024,18,132750,55226,41.60
S2,2024,19,132396,41955,31.69
S2,2024,20,132375,0,0.00
S2,2024,21,132375,0,0.00
S2,2024,22,132375,15815,11.95
S2,2024,23,132375,53771,40.62
S2,2024,24,132022,5065,3.84
S2,2025,0,132750,0,0.00
S2,2025,1,132750,7032,5.30
S2,2025,2,132750,82170,61.90
S2,2025,3,132750,50667,38.17
S2,2025,4,132396,0,0.00
S2,2025,5,132750,0,0.00
S2,2025,6,132750,0,0.00
S2,2025,7,132750,48711,36.69
S2,2025,8,132750,28398,21.39
S2,2025,9,132396,67,0.05
S2,2025,10,132375,0,0.00
S2,2025,11,132375,0,0.00
S2,2025,12,132375,58786,44.41
S2,2025,13,132375,27186,20.54
S2,2025,14,132022,13421,10.17
S2,2025,15,132750,0,0.00
S2,2025,16,132750,0,0.00
S2,2025,17,132750,62862,47.35
S2,2025,18,132750,34254,25.80
S2,2025,19,132396,7599,5.74
S2,2025,20,132375,0,0.00
S2,2025,21,132375,0,0.00
S2,2025,22,132375,19864,15.01
S2,2025,23,132375,77179,58.30
S2,2025,24,132022,2524,1.91
S2,2026,0,132750,0,0.00
S2,2026,1,132750,56509,42.57
S2,2026,2,132750,112302,84.60
S2,2026,3,132750,67630,50.95
S2,2026,4,132396,0,0.00
S2,2026,5,132750,0,0.00
S2,2026,6,132750,116667,87.88
S2,2026,7,132750,132750,100.00
S2,2026,8,132750,128295,96.64
S2,2026,9,132396,43387,32.77
S2,2026,10,132375,38440,29.04
S2,2026,11,132375,128973,97.43
S2,2026,12,132375,132375,100.00
S2,2026,13,132375,132375,100.00
S2,2026,14,132022,113595,86.04
S2,2026,15,132750,94906,71.49
S2,2026,16,132750,104222,78.51
S2,2026,17,132750,122796,92.50
S2,2026,18,132750,132750,100.00
S2,2026,19,132396,97502,73.64
S2,2026,20,132375,0,0.00
S2,2026,21,132375,0,0.00
S2,2026,22,132375,26107,19.72
S2,2026,23,132375,116589,88.07
S2,2026,24,132022,16192,12.26
