block_id,study_cells,valid_n_2022,valid_pct_2022,valid_n_2023,valid_pct_2023,valid_n_2024,valid_pct_2024,valid_n_2025,valid_pct_2025,valid_n_2026,valid_pct_2026,row_block,col_block,below50_2022,below50_2023,below50_2024,below50_2025,below50_2026
0,0,0,,0,,0,,0,,0,,0,0,False,False,False,False,False
1,50594,48635,96.12799936751394,46069,91.05625172945409,49118,97.08265802269044,17934,35.446890935684074,49118,97.08265802269044,0,1,False,False,False,True,False
2,103871,102678,98.85145998401863,101486,97.70388270065754,96120,92.5378594602921,55296,53.23526297041523,102678,98.85145998401863,0,2,False,False,False,False,False
3,67138,60256,89.7494712383449,59151,88.10360749501028,17125,25.50716434805922,35965,53.568768804551816,59664,88.86770532336382,0,3,False,False,True,False,False
4,0,0,,0,,0,,0,,0,,0,4,False,False,False,False,False
5,0,0,,0,,0,,0,,0,,1,0,False,False,False,False,False
6,105777,105235,99.48760127437912,98123,92.76402242453463,74384,70.32152547340159,6899,6.522211822986093,105717,99.94327689384271,1,1,False,False,False,True,False
7,132022,130961,99.19634606353486,119267,90.33873142355063,123140,93.27233339897896,6022,4.561360985290331,132020,99.99848510096803,1,2,False,False,False,True,False
8,129061,122565,94.96672116286098,123164,95.4308427797708,88360,68.46374969975437,49193,38.116084642145964,123881,95.98639403072966,1,3,False,False,False,True,False
9,43421,34254,78.88809562193408,33955,78.199488726653,15344,35.33773980332097,2587,5.957946615692867,39480,90.92374657423827,1,4,False,False,True,True,False
10,23564,22904,97.19911729757257,23564,100.0,18706,79.38380580546597,13099,55.58903411984383,23564,100.0,2,0,False,False,False,False,False
11,122766,117550,95.75126663734258,120856,98.44419464672629,73659,59.99951126533405,39457,32.1400061906391,122766,100.0,2,1,False,False,False,True,False
12,132022,126256,95.63254609080305,126645,95.92719395252307,105035,79.55870991198437,39907,30.227537834603325,132022,100.0,2,2,False,False,False,True,False
13,132375,121902,92.08838526912182,113859,86.01246458923512,99264,74.9869688385269,78303,59.15240793201133,131760,99.53541076487252,2,3,False,False,False,False,False
14,119693,99683,83.2822303727035,51579,43.092745607512555,45760,38.2311413365861,38437,32.112989063687934,111757,93.36970415980885,2,4,False,True,True,True,False
15,91531,71019,77.59010608427745,85777,93.71360522664453,51834,56.62999420961204,29138,31.83402344560859,85115,92.99035299516011,3,0,False,False,False,True,False
16,111119,90649,81.57830794013626,102684,92.40903895823396,77370,69.62805640799503,65949,59.349886158082775,102800,92.51343154636021,3,1,False,False,False,False,False
17,120248,103316,85.91910052558046,119163,99.09769809061274,77327,64.3062670481006,114046,94.84232585988956,119282,99.19666023551328,3,2,False,False,False,False,False
18,132375,101287,76.5152030217186,125337,94.68328611898016,120154,90.76789423984891,101837,76.93068932955619,132375,100.0,3,3,False,False,False,False,False
19,102304,69830,68.25735064122615,42711,41.74910071942446,50191,49.060642790115736,5900,5.76712543009071,94489,92.36100250234595,3,4,False,True,True,True,False
20,294,0,0.0,0,0.0,0,0.0,0,0.0,0,0.0,4,0,True,True,True,True,True
21,0,0,,0,,0,,0,,0,,4,1,False,False,False,False,False
22,15073,14686,97.43249519007497,15067,99.96019372387713,13294,88.19743912956943,14478,96.05254428448218,15073,100.0,4,2,False,False,False,False,False
23,119276,108423,90.90093564505852,111055,93.10758241389718,95920,80.41852510144538,71854,60.241792145947215,113187,94.89503336798685,4,3,False,False,False,False,False
24,26564,10287,38.72534256889023,10318,38.842041861165484,10033,37.76916127089294,1633,6.147417557596747,16096,60.59328414395422,4,4,True,True,True,True,False
