year,class,region,count
2022,0.0,study,86235
2022,1.0,study,217689
2022,2.0,study,12253
2022,3.0,study,6902
2022,4.0,study,88206
2022,5.0,study,10088
2022,6.0,study,618231
2022,7.0,study,69706
2022,8.0,study,2063
2022,0.0,outside,3097
2022,1.0,outside,21013
2022,2.0,outside,2196
2022,3.0,outside,367
2022,4.0,outside,8274
2022,5.0,outside,2853
2022,6.0,outside,55426
2022,7.0,outside,6434
2023,0.0,study,388963
2023,1.0,study,1831790
2023,2.0,study,37858
2023,3.0,study,58149
2023,4.0,study,306830
2023,5.0,study,36803
2023,6.0,study,3055072
2023,7.0,study,395298
2023,8.0,study,63482
2023,0.0,outside,51393
2023,1.0,outside,157423
2023,2.0,outside,1286
2023,3.0,outside,3350
2023,4.0,outside,34613
2023,5.0,outside,4761
2023,6.0,outside,226691
2023,7.0,outside,37541
2023,8.0,outside,3025
2024,0.0,study,275834
2024,1.0,study,679599
2024,2.0,study,11608
2024,3.0,study,5664
2024,4.0,study,2206291
2024,5.0,study,524173
2024,6.0,study,9293337
2024,7.0,study,3411258
2024,8.0,study,372
2024,0.0,outside,9256
2024,1.0,outside,17479
2024,2.0,outside,768
2024,3.0,outside,1031
2024,4.0,outside,119350
2024,5.0,outside,58490
2024,6.0,outside,253416
2024,7.0,outside,325247
2025,0.0,study,10560
2025,1.0,study,7282
2025,2.0,study,1242
2025,3.0,study,72
2025,4.0,study,9348
2025,5.0,study,1638
2025,6.0,study,125275
2025,7.0,study,37339
2025,0.0,outside,3612
2025,1.0,outside,722
2025,2.0,outside,247
2025,3.0,outside,6
2025,4.0,outside,1702
2025,5.0,outside,183
2025,6.0,outside,24717
2025,7.0,outside,16188
2025,8.0,outside,181
2026,0.0,study,739784
2026,1.0,study,2742307
2026,2.0,study,65307
2026,3.0,study,395002
2026,4.0,study,650930
2026,5.0,study,272457
2026,6.0,study,6591058
2026,7.0,study,4945384
2026,8.0,study,5907
2026,0.0,outside,58523
2026,1.0,outside,132546
2026,2.0,outside,3971
2026,3.0,outside,25727
2026,4.0,outside,43409
2026,5.0,outside,18214
2026,6.0,outside,260238
2026,7.0,outside,242404
2026,8.0,outside,5
