layer,source,product,temporal_window,cloud_filtering,native_resolution,crs,nodata_rule,license,local_path,provenance_document
Landsat 9 SR+ST,USGS via GEE,Landsat 9 Collection 2 Tier 1 Level-2 (LC09 only; L8 evaluated and excluded per user decision 2026-10-04),W4 May 1-Jun 30 per year 2022-2026,Pixel-level QA_PIXEL bits 3+4 (cloud+shadow); no scene-level cloud filter; T1 only,30 m,EPSG:4326,NaN = masked (no nodata attr); ST_B10 stored raw DN (apply x0.00341802+149.0 K); SR scaled x0.0000275-0.2,Public domain,v2/gee/01_export_landsat9_w4.js -> v2/data/raw/landsat9/,v2/data/phase2/window_investigation/masking_recipe.md
Sentinel-2 SR,ESA Copernicus via GEE,COPERNICUS/S2_SR_HARMONIZED,W4 May 1-Jun 30 per year 2022-2026,Scene CLOUDY_PIXEL_PERCENTAGE < 60; pixel-level SCL classes 3/8/9/10 masked,10 m (B2/B3/B4/B8) + 20 m (B5/B6/B7/B8A/B11/B12/SCL),EPSG:4326,NaN = masked; reflectance /10000 in export; SCL exported as float median,Free and open (Copernicus),v2/gee/02_export_sentinel2_w4.js -> v2/data/raw/sentinel2/,v2/data/phase2/window_investigation/masking_recipe.md
LULC,Google via GEE,Dynamic World V1 (S2-based 9-class) per-pixel mode label,W4 May 1-Jun 30 per year 2022-2026,n/a (classification product; inherits S2 scene filtering of DW pipeline),10 m,EPSG:4326,NaN = no valid DW label; float export; class 0=water 1=trees 2=grass 3=flooded_veg 4=crops 5=shrub 6=built 7=bare 8=snow,Free (Google DW),v2/gee/03_export_lulc_w4.js -> v2/data/raw/lulc/,v2/data/phase2/coverage/lulc_class_histogram.csv
Meteorology,Open-Meteo archive API (ECMWF ERA5/ERA5-Land reanalysis),Hourly 6-variable superset,2022-01-01 to 2026-10-04 (completes after 2026-12-31),n/a,0.1 deg (~9-11 km) synoptic; 16-point 4x4 grid over study bbox,EPSG:4326 (points),NoData: 0 NaN observed across all 667392 rows; missing hours would be NaN,CC-BY 4.0 (Open-Meteo) / Copernicus license,v2/data/phase2/met/met_superset_hourly_2022_2026.csv,v2/data/phase2/met/met_superset_provenance.md
Water bodies,OpenStreetMap via Overpass API,Water polygons (natural=water/water=*/landuse=reservoir/waterway=riverbank/canal),Fetched 2026-10-04 (single date),n/a,Vector,EPSG:4326,n/a (vector),ODbL 1.0 (attribution required),v2/data/phase2/constraints/osm_water_delhi.geojson (2682 features 51.05 km2),v2/data/phase2/constraints/CONSTRAINTS_PROVENANCE.md
Road surfaces,OpenStreetMap via Overpass API,Polygon-represented roads (highway=* AND area=yes),Fetched 2026-10-04 (single date),n/a,Vector,EPSG:4326,n/a (vector),ODbL 1.0,v2/data/phase2/constraints/osm_road_surfaces_delhi.geojson (78 features 0.16 km2),v2/data/phase2/constraints/CONSTRAINTS_PROVENANCE.md
Building footprints,OpenStreetMap via Overpass API,building=* ways+relations (full NCT 3x3 sub-bbox merge),Fetched 2026-10-04 (single date),n/a,Vector,EPSG:4326,n/a (vector); 2/417343 invalid geometries disclosed,ODbL 1.0,v2/data/phase2/constraints/osm_buildings_delhi.geojson (417343 features 103.75 km2),v2/data/phase2/constraints/CONSTRAINTS_PROVENANCE.md
Study-area boundary,OpenStreetMap,OSM Relation 1942586 Delhi NCT,2026-08-27 (V1; frozen),n/a,Vector,EPSG:4326,n/a (vector),ODbL 1.0,data/raw/gis/study_area/study_area.geojson (V1 read-only),dataset_metadata.csv (V1)
Window-evidence scenes,Microsoft Planetary Computer STAC,Landsat C2 L2 (L8/L9) + Sentinel-2 L2A COG reads,Mar 1-Jul 31 union per year 2022-2026 (evaluation only),Same masking as GEE recipe (QA bits 3+4; SCL 3/8/9/10; S2 scene cloud <60),30 m / 10-20 m,EPSG:4326 per asset,n/a (evaluation-only reads; no export),ODbL/Microsoft OCP,702 scenes read; v2/data/phase2/window_investigation/scene_list.csv,v2/data/phase2/window_investigation/masking_recipe.md
