file_path,width,height,crs,res_x,res_y,rotation_b,rotation_d,origin_x,origin_y,transform,pixel_size_ratio_vs_ref,crs_match,resolution_match,no_rotation,origin_dx_deg,origin_dy_deg,origin_dx_ref_pixels,origin_dy_ref_pixels,origin_dx_own_pixels,origin_dy_own_pixels,origin_dx_mod_own,origin_dy_mod_own,origin_dx_mod_ref,origin_dy_mod_ref,res_ratio_is_integer,aligned_own_lattice,aligned_ref_lattice,half_pixel_shift_own,dims_match,width_delta_vs_ref,height_delta_vs_ref,expected_width_aligned,expected_height_aligned,classification,left_delta_deg,top_delta_deg,right_delta_deg,bottom_delta_deg
data/raw/landsat9/2022_07/landsat9_2022_07_best_scene_30m.tif,1874,1768,EPSG:4326,0.00026949458523585647,0.00026949458523585647,0.0,0.0,76.83290625074268,28.884699140164333,"[0.00026949458523585647, 0.0, 76.83290625074268, 0.0, -0.00026949458523585647, 28.884699140164333]",1.0,True,True,True,0.0,0.0,0.0,0.0,0.0,0.0,0.0,0.0,0.0,0.0,True,True,True,False,True,0,0,1874,1768,EXACT-MATCH,0.0,0.0,0.0,0.0
data/raw/landsat9/2022_07/landsat9_2022_07_composite_30m.tif,1874,1768,EPSG:4326,0.00026949458523585647,0.00026949458523585647,0.0,0.0,76.83290625074268,28.884699140164333,"[0.00026949458523585647, 0.0, 76.83290625074268, 0.0, -0.00026949458523585647, 28.884699140164333]",1.0,True,True,True,0.0,0.0,0.0,0.0,0.0,0.0,0.0,0.0,0.0,0.0,True,True,True,False,True,0,0,1874,1768,EXACT-MATCH,0.0,0.0,0.0,0.0
data/raw/landsat9/2023_07/landsat9_2023_07_composite_30m.tif,1874,1768,EPSG:4326,0.00026949458523585647,0.00026949458523585647,0.0,0.0,76.83290625074268,28.884699140164333,"[0.00026949458523585647, 0.0, 76.83290625074268, 0.0, -0.00026949458523585647, 28.884699140164333]",1.0,True,True,True,0.0,0.0,0.0,0.0,0.0,0.0,0.0,0.0,0.0,0.0,True,True,True,False,True,0,0,1874,1768,EXACT-MATCH,0.0,0.0,0.0,0.0
data/raw/landsat9/2024_07/landsat9_2024_07_composite_30m.tif,1874,1768,EPSG:4326,0.00026949458523585647,0.00026949458523585647,0.0,0.0,76.83290625074268,28.884699140164333,"[0.00026949458523585647, 0.0, 76.83290625074268, 0.0, -0.00026949458523585647, 28.884699140164333]",1.0,True,True,True,0.0,0.0,0.0,0.0,0.0,0.0,0.0,0.0,0.0,0.0,True,True,True,False,True,0,0,1874,1768,EXACT-MATCH,0.0,0.0,0.0,0.0
data/raw/landsat9/2025_07/landsat9_2025_07_composite_30m.tif,1874,1768,EPSG:4326,0.00026949458523585647,0.00026949458523585647,0.0,0.0,76.83290625074268,28.884699140164333,"[0.00026949458523585647, 0.0, 76.83290625074268, 0.0, -0.00026949458523585647, 28.884699140164333]",1.0,True,True,True,0.0,0.0,0.0,0.0,0.0,0.0,0.0,0.0,0.0,0.0,True,True,True,False,True,0,0,1874,1768,EXACT-MATCH,0.0,0.0,0.0,0.0
data/raw/landsat9/2026_07/landsat9_2026_07_best_scene_30m.tif,1874,1768,EPSG:4326,0.00026949458523585647,0.00026949458523585647,0.0,0.0,76.83290625074268,28.884699140164333,"[0.00026949458523585647, 0.0, 76.83290625074268, 0.0, -0.00026949458523585647, 28.884699140164333]",1.0,True,True,True,0.0,0.0,0.0,0.0,0.0,0.0,0.0,0.0,0.0,0.0,True,True,True,False,True,0,0,1874,1768,EXACT-MATCH,0.0,0.0,0.0,0.0
data/raw/landsat9/2026_07/landsat9_2026_07_composite_30m.tif,1874,1768,EPSG:4326,0.00026949458523585647,0.00026949458523585647,0.0,0.0,76.83290625074268,28.884699140164333,"[0.00026949458523585647, 0.0, 76.83290625074268, 0.0, -0.00026949458523585647, 28.884699140164333]",1.0,True,True,True,0.0,0.0,0.0,0.0,0.0,0.0,0.0,0.0,0.0,0.0,True,True,True,False,True,0,0,1874,1768,EXACT-MATCH,0.0,0.0,0.0,0.0
data/raw/lulc/2022_07/lulc_2022_10m.tif,5620,5300,EPSG:4326,8.983152841195215e-05,8.983152841195215e-05,0.0,0.0,76.83290625074267,28.884519477107506,"[8.983152841195215e-05, 0.0, 76.83290625074267, 0.0, -8.983152841195215e-05, 28.884519477107506]",3.0000000000000004,True,False,True,-1.4210854715202004e-14,-0.00017966305682648454,-5.273150368778259e-11,-0.666666666676241,-1.5819451106334776e-10,-2.0000000000287232,-1.5819445753351147e-10,-2.87232460038922e-11,-5.273148584450382e-11,0.33333333332375903,True,True,False,False,False,3746,3532,5622,5304,SAME-GRID-DIFF-EXTENT,-1.4210854715202004e-14,-0.00017966305682648454,-0.0001796630568406954,0.00017966305682293182
data/raw/lulc/2023_07/lulc_2023_10m.tif,5620,5300,EPSG:4326,8.983152841195215e-05,8.983152841195215e-05,0.0,0.0,76.83290625074267,28.884519477107506,"[8.983152841195215e-05, 0.0, 76.83290625074267, 0.0, -8.983152841195215e-05, 28.884519477107506]",3.0000000000000004,True,False,True,-1.4210854715202004e-14,-0.00017966305682648454,-5.273150368778259e-11,-0.666666666676241,-1.5819451106334776e-10,-2.0000000000287232,-1.5819445753351147e-10,-2.87232460038922e-11,-5.273148584450382e-11,0.33333333332375903,True,True,False,False,False,3746,3532,5622,5304,SAME-GRID-DIFF-EXTENT,-1.4210854715202004e-14,-0.00017966305682648454,-0.0001796630568406954,0.00017966305682293182
data/raw/lulc/2024_07/lulc_2024_10m.tif,5620,5300,EPSG:4326,8.983152841195215e-05,8.983152841195215e-05,0.0,0.0,76.83290625074267,28.884519477107506,"[8.983152841195215e-05, 0.0, 76.83290625074267, 0.0, -8.983152841195215e-05, 28.884519477107506]",3.0000000000000004,True,False,True,-1.4210854715202004e-14,-0.00017966305682648454,-5.273150368778259e-11,-0.666666666676241,-1.5819451106334776e-10,-2.0000000000287232,-1.5819445753351147e-10,-2.87232460038922e-11,-5.273148584450382e-11,0.33333333332375903,True,True,False,False,False,3746,3532,5622,5304,SAME-GRID-DIFF-EXTENT,-1.4210854715202004e-14,-0.00017966305682648454,-0.0001796630568406954,0.00017966305682293182
data/raw/lulc/2025_07/lulc_2025_10m.tif,5620,5300,EPSG:4326,8.983152841195215e-05,8.983152841195215e-05,0.0,0.0,76.83290625074267,28.884519477107506,"[8.983152841195215e-05, 0.0, 76.83290625074267, 0.0, -8.983152841195215e-05, 28.884519477107506]",3.0000000000000004,True,False,True,-1.4210854715202004e-14,-0.00017966305682648454,-5.273150368778259e-11,-0.666666666676241,-1.5819451106334776e-10,-2.0000000000287232,-1.5819445753351147e-10,-2.87232460038922e-11,-5.273148584450382e-11,0.33333333332375903,True,True,False,False,False,3746,3532,5622,5304,SAME-GRID-DIFF-EXTENT,-1.4210854715202004e-14,-0.00017966305682648454,-0.0001796630568406954,0.00017966305682293182
data/raw/lulc/2026_07/lulc_2026_10m.tif,5620,5300,EPSG:4326,8.983152841195215e-05,8.983152841195215e-05,0.0,0.0,76.83290625074267,28.884519477107506,"[8.983152841195215e-05, 0.0, 76.83290625074267, 0.0, -8.983152841195215e-05, 28.884519477107506]",3.0000000000000004,True,False,True,-1.4210854715202004e-14,-0.00017966305682648454,-5.273150368778259e-11,-0.666666666676241,-1.5819451106334776e-10,-2.0000000000287232,-1.5819445753351147e-10,-2.87232460038922e-11,-5.273148584450382e-11,0.33333333332375903,True,True,False,False,False,3746,3532,5622,5304,SAME-GRID-DIFF-EXTENT,-1.4210854715202004e-14,-0.00017966305682648454,-0.0001796630568406954,0.00017966305682293182
data/raw/sentinel2/2022_07/sentinel2_2022_07_10m_composite.tif,5620,5300,EPSG:4326,8.983152841195215e-05,8.983152841195215e-05,0.0,0.0,76.83290625074267,28.884519477107506,"[8.983152841195215e-05, 0.0, 76.83290625074267, 0.0, -8.983152841195215e-05, 28.884519477107506]",3.0000000000000004,True,False,True,-1.4210854715202004e-14,-0.00017966305682648454,-5.273150368778259e-11,-0.666666666676241,-1.5819451106334776e-10,-2.0000000000287232,-1.5819445753351147e-10,-2.87232460038922e-11,-5.273148584450382e-11,0.33333333332375903,True,True,False,False,False,3746,3532,5622,5304,SAME-GRID-DIFF-EXTENT,-1.4210854715202004e-14,-0.00017966305682648454,-0.0001796630568406954,0.00017966305682293182
data/raw/sentinel2/2022_07/sentinel2_2022_07_20m_composite.tif,2810,2651,EPSG:4326,0.0001796630568239043,0.0001796630568239043,0.0,0.0,76.83290625074267,28.884609308635916,"[0.0001796630568239043, 0.0, 76.83290625074267, 0.0, -0.0001796630568239043, 28.884609308635916]",1.5000000000000002,True,False,True,-1.4210854715202004e-14,-8.983152841679498e-05,-5.273150368778259e-11,-0.33333333335130333,-7.909725553167388e-11,-0.5000000000269551,-7.909728427790697e-11,0.4999999999730449,-5.273148584450382e-11,-0.33333333335130333,False,False,False,True,False,936,883,2811,2652,RESAMPLING-REQUIRED,-1.4210854715202004e-14,-8.983152841679498e-05,-0.0001796630568406954,8.983152840613684e-05
data/raw/sentinel2/2023_07/sentinel2_2023_07_10m_composite.tif,5620,5300,EPSG:4326,8.983152841195215e-05,8.983152841195215e-05,0.0,0.0,76.83290625074267,28.884519477107506,"[8.983152841195215e-05, 0.0, 76.83290625074267, 0.0, -8.983152841195215e-05, 28.884519477107506]",3.0000000000000004,True,False,True,-1.4210854715202004e-14,-0.00017966305682648454,-5.273150368778259e-11,-0.666666666676241,-1.5819451106334776e-10,-2.0000000000287232,-1.5819445753351147e-10,-2.87232460038922e-11,-5.273148584450382e-11,0.33333333332375903,True,True,False,False,False,3746,3532,5622,5304,SAME-GRID-DIFF-EXTENT,-1.4210854715202004e-14,-0.00017966305682648454,-0.0001796630568406954,0.00017966305682293182
data/raw/sentinel2/2023_07/sentinel2_2023_07_20m_composite.tif,2810,2651,EPSG:4326,0.0001796630568239043,0.0001796630568239043,0.0,0.0,76.83290625074267,28.884609308635916,"[0.0001796630568239043, 0.0, 76.83290625074267, 0.0, -0.0001796630568239043, 28.884609308635916]",1.5000000000000002,True,False,True,-1.4210854715202004e-14,-8.983152841679498e-05,-5.273150368778259e-11,-0.33333333335130333,-7.909725553167388e-11,-0.5000000000269551,-7.909728427790697e-11,0.4999999999730449,-5.273148584450382e-11,-0.33333333335130333,False,False,False,True,False,936,883,2811,2652,RESAMPLING-REQUIRED,-1.4210854715202004e-14,-8.983152841679498e-05,-0.0001796630568406954,8.983152840613684e-05
data/raw/sentinel2/2024_07/sentinel2_2024_07_10m_composite.tif,5620,5300,EPSG:4326,8.983152841195215e-05,8.983152841195215e-05,0.0,0.0,76.83290625074267,28.884519477107506,"[8.983152841195215e-05, 0.0, 76.83290625074267, 0.0, -8.983152841195215e-05, 28.884519477107506]",3.0000000000000004,True,False,True,-1.4210854715202004e-14,-0.00017966305682648454,-5.273150368778259e-11,-0.666666666676241,-1.5819451106334776e-10,-2.0000000000287232,-1.5819445753351147e-10,-2.87232460038922e-11,-5.273148584450382e-11,0.33333333332375903,True,True,False,False,False,3746,3532,5622,5304,SAME-GRID-DIFF-EXTENT,-1.4210854715202004e-14,-0.00017966305682648454,-0.0001796630568406954,0.00017966305682293182
data/raw/sentinel2/2024_07/sentinel2_2024_07_20m_composite.tif,2810,2651,EPSG:4326,0.0001796630568239043,0.0001796630568239043,0.0,0.0,76.83290625074267,28.884609308635916,"[0.0001796630568239043, 0.0, 76.83290625074267, 0.0, -0.0001796630568239043, 28.884609308635916]",1.5000000000000002,True,False,True,-1.4210854715202004e-14,-8.983152841679498e-05,-5.273150368778259e-11,-0.33333333335130333,-7.909725553167388e-11,-0.5000000000269551,-7.909728427790697e-11,0.4999999999730449,-5.273148584450382e-11,-0.33333333335130333,False,False,False,True,False,936,883,2811,2652,RESAMPLING-REQUIRED,-1.4210854715202004e-14,-8.983152841679498e-05,-0.0001796630568406954,8.983152840613684e-05
data/raw/sentinel2/2025_07/sentinel2_2025_07_10m_composite.tif,5620,5300,EPSG:4326,8.983152841195215e-05,8.983152841195215e-05,0.0,0.0,76.83290625074267,28.884519477107506,"[8.983152841195215e-05, 0.0, 76.83290625074267, 0.0, -8.983152841195215e-05, 28.884519477107506]",3.0000000000000004,True,False,True,-1.4210854715202004e-14,-0.00017966305682648454,-5.273150368778259e-11,-0.666666666676241,-1.5819451106334776e-10,-2.0000000000287232,-1.5819445753351147e-10,-2.87232460038922e-11,-5.273148584450382e-11,0.33333333332375903,True,True,False,False,False,3746,3532,5622,5304,SAME-GRID-DIFF-EXTENT,-1.4210854715202004e-14,-0.00017966305682648454,-0.0001796630568406954,0.00017966305682293182
data/raw/sentinel2/2025_07/sentinel2_2025_07_20m_composite.tif,2810,2651,EPSG:4326,0.0001796630568239043,0.0001796630568239043,0.0,0.0,76.83290625074267,28.884609308635916,"[0.0001796630568239043, 0.0, 76.83290625074267, 0.0, -0.0001796630568239043, 28.884609308635916]",1.5000000000000002,True,False,True,-1.4210854715202004e-14,-8.983152841679498e-05,-5.273150368778259e-11,-0.33333333335130333,-7.909725553167388e-11,-0.5000000000269551,-7.909728427790697e-11,0.4999999999730449,-5.273148584450382e-11,-0.33333333335130333,False,False,False,True,False,936,883,2811,2652,RESAMPLING-REQUIRED,-1.4210854715202004e-14,-8.983152841679498e-05,-0.0001796630568406954,8.983152840613684e-05
data/raw/sentinel2/2026_07/sentinel2_2026_07_10m_composite.tif,5620,5300,EPSG:4326,8.983152841195215e-05,8.983152841195215e-05,0.0,0.0,76.83290625074267,28.884519477107506,"[8.983152841195215e-05, 0.0, 76.83290625074267, 0.0, -8.983152841195215e-05, 28.884519477107506]",3.0000000000000004,True,False,True,-1.4210854715202004e-14,-0.00017966305682648454,-5.273150368778259e-11,-0.666666666676241,-1.5819451106334776e-10,-2.0000000000287232,-1.5819445753351147e-10,-2.87232460038922e-11,-5.273148584450382e-11,0.33333333332375903,True,True,False,False,False,3746,3532,5622,5304,SAME-GRID-DIFF-EXTENT,-1.4210854715202004e-14,-0.00017966305682648454,-0.0001796630568406954,0.00017966305682293182
data/raw/sentinel2/2026_07/sentinel2_2026_07_20m_composite.tif,2810,2651,EPSG:4326,0.0001796630568239043,0.0001796630568239043,0.0,0.0,76.83290625074267,28.884609308635916,"[0.0001796630568239043, 0.0, 76.83290625074267, 0.0, -0.0001796630568239043, 28.884609308635916]",1.5000000000000002,True,False,True,-1.4210854715202004e-14,-8.983152841679498e-05,-5.273150368778259e-11,-0.33333333335130333,-7.909725553167388e-11,-0.5000000000269551,-7.909728427790697e-11,0.4999999999730449,-5.273148584450382e-11,-0.33333333335130333,False,False,False,True,False,936,883,2811,2652,RESAMPLING-REQUIRED,-1.4210854715202004e-14,-8.983152841679498e-05,-0.0001796630568406954,8.983152840613684e-05
