file_path,band_index,band_name,dtype,nodata_attr,nodata_attr_usage_count,nan,posinf,neginf,zeros,zeros_in_valid_region,zeros_outside_valid_region,min_finite,max_finite,mean_finite,std_finite,pct_finite,pixels_outside_valid_region,classification
data/raw/landsat9/2022_07/landsat9_2022_07_best_scene_30m.tif,1,SR_B2,float32,,0,1781907,0,0,0,0,0,-0.15080249309539795,0.6565424799919128,0.0782514431053377,0.02900948042928364,46.21846583637971,1781907,NAN-SENTINEL
data/raw/landsat9/2022_07/landsat9_2022_07_best_scene_30m.tif,2,SR_B3,float32,,0,1781907,0,0,0,0,0,-0.045752499252557755,0.8103774785995483,0.11856085620296149,0.03181081152162862,46.21846583637971,1781907,NAN-SENTINEL
data/raw/landsat9/2022_07/landsat9_2022_07_best_scene_30m.tif,3,SR_B4,float32,,0,1781907,0,0,0,0,0,-0.05188500136137009,1.0345300436019897,0.11962984497953162,0.04301423630159251,46.21846583637971,1781907,NAN-SENTINEL
data/raw/landsat9/2022_07/landsat9_2022_07_best_scene_30m.tif,4,SR_B5,float32,,0,1781907,0,0,0,0,0,0.0441724993288517,1.2416050434112549,0.2827787605811144,0.06278599362234975,46.21846583637971,1781907,NAN-SENTINEL
data/raw/landsat9/2022_07/landsat9_2022_07_best_scene_30m.tif,5,SR_B6,float32,,0,1781907,0,0,0,0,0,0.019312499091029167,1.3401650190353394,0.22763036478825527,0.0603202128088131,46.21846583637971,1781907,NAN-SENTINEL
data/raw/landsat9/2022_07/landsat9_2022_07_best_scene_30m.tif,6,SR_B7,float32,,0,1781907,0,0,0,0,0,0.013977499678730965,1.4216749668121338,0.16003848982396782,0.06166324994751905,46.21846583637971,1781907,NAN-SENTINEL
data/raw/landsat9/2022_07/landsat9_2022_07_best_scene_30m.tif,7,ST_B10,float32,,0,1781907,0,0,0,0,0,39999.0,52888.0,48621.39771505069,1320.2809184915789,46.21846583637971,1781907,NAN-SENTINEL
data/raw/landsat9/2022_07/landsat9_2022_07_best_scene_30m.tif,8,QA_PIXEL,float32,,0,1781907,0,0,0,0,0,21762.0,54596.0,21827.842486735342,195.19562455343785,46.21846583637971,1781907,NAN-SENTINEL
data/raw/landsat9/2022_07/landsat9_2022_07_composite_30m.tif,1,SR_B2,float64,,0,1569344,0,0,0,0,0,-0.1480525,0.6565425,0.07297610317577732,0.029558618536078968,52.63404434099393,1569344,NAN-SENTINEL
data/raw/landsat9/2022_07/landsat9_2022_07_composite_30m.tif,2,SR_B3,float64,,0,1569344,0,0,0,0,0,-0.032195,0.8103775,0.11517222559806019,0.031240578846419644,52.63404434099393,1569344,NAN-SENTINEL
data/raw/landsat9/2022_07/landsat9_2022_07_composite_30m.tif,3,SR_B4,float64,,0,1569344,0,0,0,0,0,-0.030930000000000013,1.0345300000000002,0.11166028563402583,0.043346666058580036,52.63404434099393,1569344,NAN-SENTINEL
data/raw/landsat9/2022_07/landsat9_2022_07_composite_30m.tif,4,SR_B5,float64,,0,1569344,0,0,0,0,0,0.031192499999999984,1.241605,0.28630223850169856,0.06607110672029864,52.63404434099393,1569344,NAN-SENTINEL
data/raw/landsat9/2022_07/landsat9_2022_07_composite_30m.tif,5,SR_B6,float64,,0,1569344,0,0,0,0,0,0.0013825000000000087,1.34020625,0.2170975383030619,0.05751703193173824,52.63404434099393,1569344,NAN-SENTINEL
data/raw/landsat9/2022_07/landsat9_2022_07_composite_30m.tif,6,SR_B7,float64,,0,1569344,0,0,0,0,0,0.00429750000000001,1.4291275,0.14635697976948636,0.05900226431491263,52.63404434099393,1569344,NAN-SENTINEL
data/raw/landsat9/2022_07/landsat9_2022_07_composite_30m.tif,7,ST_B10,float64,,0,1569344,0,0,0,0,0,39709.0,52496.0,47569.50436123191,1715.4254045638552,52.63404434099393,1569344,NAN-SENTINEL
data/raw/landsat9/2022_07/landsat9_2022_07_composite_30m.tif,8,QA_PIXEL,float64,,0,1569344,0,0,0,0,0,21762.0,54596.0,21843.113970048536,112.24108861620414,52.63404434099393,1569344,NAN-SENTINEL
data/raw/landsat9/2023_07/landsat9_2023_07_composite_30m.tif,1,SR_B2,float64,,0,1597052,0,0,0,0,0,-0.17497500000000002,0.7081875000000001,0.06991970418021422,0.02770284124082197,51.79776121925661,1597052,NAN-SENTINEL
data/raw/landsat9/2023_07/landsat9_2023_07_composite_30m.tif,2,SR_B3,float64,,0,1597052,0,0,0,0,0,-0.0159425,0.779935,0.11474429475200737,0.028460283766519868,51.79776121925661,1597052,NAN-SENTINEL
data/raw/landsat9/2023_07/landsat9_2023_07_composite_30m.tif,3,SR_B4,float64,,0,1597052,0,0,0,0,0,-0.05524000000000001,0.8687875,0.10507639555801256,0.040198077142135684,51.79776121925661,1597052,NAN-SENTINEL
data/raw/landsat9/2023_07/landsat9_2023_07_composite_30m.tif,4,SR_B5,float64,,0,1597052,0,0,0,0,0,-0.015557500000000002,1.0282875,0.2922103672181823,0.06344195518309677,51.79776121925661,1597052,NAN-SENTINEL
data/raw/landsat9/2023_07/landsat9_2023_07_composite_30m.tif,5,SR_B6,float64,,0,1597052,0,0,0,0,0,-0.0011200000000000099,1.3568025000000001,0.21607596074056915,0.05594187876757769,51.79776121925661,1597052,NAN-SENTINEL
data/raw/landsat9/2023_07/landsat9_2023_07_composite_30m.tif,6,SR_B7,float64,,0,1597052,0,0,0,0,0,0.0020699999999999885,1.46947,0.14092613112989313,0.05377662188754375,51.79776121925661,1597052,NAN-SENTINEL
data/raw/landsat9/2023_07/landsat9_2023_07_composite_30m.tif,7,ST_B10,float64,,0,1597052,0,0,0,0,0,37286.0,54014.0,47144.518173501616,2024.5974530877086,51.79776121925661,1597052,NAN-SENTINEL
data/raw/landsat9/2023_07/landsat9_2023_07_composite_30m.tif,8,QA_PIXEL,float64,,0,1597052,0,0,0,0,0,21762.0,54596.0,21850.668617510983,188.1078540579866,51.79776121925661,1597052,NAN-SENTINEL
data/raw/landsat9/2024_07/landsat9_2024_07_composite_30m.tif,1,SR_B2,float64,,0,1958133,0,0,0,0,0,-0.1924925,0.6713925000000001,0.08490564857438461,0.047597680113137114,40.899611014260394,1958133,NAN-SENTINEL
data/raw/landsat9/2024_07/landsat9_2024_07_composite_30m.tif,2,SR_B3,float64,,0,1958133,0,0,0,0,0,-0.08961500000000001,0.6805775000000001,0.12995422049237734,0.04352404322896611,40.899611014260394,1958133,NAN-SENTINEL
data/raw/landsat9/2024_07/landsat9_2024_07_composite_30m.tif,3,SR_B4,float64,,0,1958133,0,0,0,0,0,-0.0949775,0.7477875,0.11979768222746086,0.05184884434078036,40.899611014260394,1958133,NAN-SENTINEL
data/raw/landsat9/2024_07/landsat9_2024_07_composite_30m.tif,4,SR_B5,float64,,0,1958133,0,0,0,0,0,0.03908500000000001,1.067255,0.31349404818577836,0.07624032330374698,40.899611014260394,1958133,NAN-SENTINEL
data/raw/landsat9/2024_07/landsat9_2024_07_composite_30m.tif,5,SR_B6,float64,,0,1958133,0,0,0,0,0,0.002867499999999995,1.34088,0.2284745008925547,0.06679537173300153,40.899611014260394,1958133,NAN-SENTINEL
data/raw/landsat9/2024_07/landsat9_2024_07_composite_30m.tif,6,SR_B7,float64,,0,1958133,0,0,0,0,0,0.007377500000000009,1.4642725,0.15168072646906242,0.061394818864450224,40.899611014260394,1958133,NAN-SENTINEL
data/raw/landsat9/2024_07/landsat9_2024_07_composite_30m.tif,7,ST_B10,float64,,0,1958133,0,0,0,0,0,37272.0,52752.0,47471.1120025179,1216.5881317893566,40.899611014260394,1958133,NAN-SENTINEL
data/raw/landsat9/2024_07/landsat9_2024_07_composite_30m.tif,8,QA_PIXEL,float64,,0,1958133,0,0,0,0,0,21762.0,54852.0,21846.767252429527,155.34287426110237,40.899611014260394,1958133,NAN-SENTINEL
data/raw/landsat9/2025_07/landsat9_2025_07_composite_30m.tif,1,SR_B2,float64,,0,2482078,0,0,0,0,0,-0.15369,0.866395,0.07084893535975283,0.054665139209787286,25.08589799929495,2482078,NAN-SENTINEL
data/raw/landsat9/2025_07/landsat9_2025_07_composite_30m.tif,2,SR_B3,float64,,0,2482078,0,0,0,0,0,-0.0309025,0.8705200000000002,0.12190656121488919,0.053114945592754564,25.08589799929495,2482078,NAN-SENTINEL
data/raw/landsat9/2025_07/landsat9_2025_07_composite_30m.tif,3,SR_B4,float64,,0,2482078,0,0,0,0,0,-0.03563250000000001,0.9961675000000001,0.10781690370406688,0.06116474299109048,25.08589799929495,2482078,NAN-SENTINEL
data/raw/landsat9/2025_07/landsat9_2025_07_composite_30m.tif,4,SR_B5,float64,,0,2482078,0,0,0,0,0,0.044997499999999996,1.2419625,0.321298877347038,0.07728066733018854,25.08589799929495,2482078,NAN-SENTINEL
data/raw/landsat9/2025_07/landsat9_2025_07_composite_30m.tif,5,SR_B6,float64,,0,2482078,0,0,0,0,0,0.022309999999999997,1.3464075000000002,0.20819466179703155,0.060474009809584395,25.08589799929495,2482078,NAN-SENTINEL
data/raw/landsat9/2025_07/landsat9_2025_07_composite_30m.tif,6,SR_B7,float64,,0,2482078,0,0,0,0,0,0.016232499999999983,1.4465625000000002,0.13116799185529998,0.05535629565947577,25.08589799929495,2482078,NAN-SENTINEL
data/raw/landsat9/2025_07/landsat9_2025_07_composite_30m.tif,7,ST_B10,float64,,0,2482078,0,0,0,0,0,40025.0,53243.0,47757.87081635894,1389.748522543941,25.08589799929495,2482078,NAN-SENTINEL
data/raw/landsat9/2025_07/landsat9_2025_07_composite_30m.tif,8,QA_PIXEL,float64,,0,2482078,0,0,0,0,0,21762.0,54852.0,21953.012007401758,1722.3820618013283,25.08589799929495,2482078,NAN-SENTINEL
data/raw/landsat9/2026_07/landsat9_2026_07_best_scene_30m.tif,1,SR_B2,float32,,0,1433066,0,0,0,0,0,-0.06327000260353088,0.2901049852371216,0.09623040868632078,0.019098250671890957,56.747188243986535,1433066,NAN-SENTINEL
data/raw/landsat9/2026_07/landsat9_2026_07_best_scene_30m.tif,2,SR_B3,float32,,0,1433066,0,0,0,0,0,0.061442501842975616,0.38093748688697815,0.14824607844633134,0.01843996607769679,56.747188243986535,1433066,NAN-SENTINEL
data/raw/landsat9/2026_07/landsat9_2026_07_best_scene_30m.tif,3,SR_B4,float32,,0,1433066,0,0,0,0,0,0.06174499914050102,0.3837425112724304,0.15023648821932478,0.025141672746782327,56.747188243986535,1433066,NAN-SENTINEL
data/raw/landsat9/2026_07/landsat9_2026_07_best_scene_30m.tif,4,SR_B5,float32,,0,1433066,0,0,0,0,0,0.15565750002861023,0.48312750458717346,0.2857054867429259,0.03470672622004365,56.747188243986535,1433066,NAN-SENTINEL
data/raw/landsat9/2026_07/landsat9_2026_07_best_scene_30m.tif,5,SR_B6,float32,,0,1433066,0,0,0,0,0,0.11322499811649323,0.5445899963378906,0.2244565616563245,0.028807295772788177,56.747188243986535,1433066,NAN-SENTINEL
data/raw/landsat9/2026_07/landsat9_2026_07_best_scene_30m.tif,6,SR_B7,float32,,0,1433066,0,0,0,0,0,0.07535749673843384,0.6883050203323364,0.15650158703573247,0.030129652312281856,56.747188243986535,1433066,NAN-SENTINEL
data/raw/landsat9/2026_07/landsat9_2026_07_best_scene_30m.tif,7,ST_B10,float32,,0,1433066,0,0,0,0,0,44336.0,48830.0,46209.070748008424,504.87812422408837,56.747188243986535,1433066,NAN-SENTINEL
data/raw/landsat9/2026_07/landsat9_2026_07_best_scene_30m.tif,8,QA_PIXEL,float32,,0,1433066,0,0,0,0,0,21762.0,22080.0,21836.01242017992,54.52283179442327,56.747188243986535,1433066,NAN-SENTINEL
data/raw/landsat9/2026_07/landsat9_2026_07_composite_30m.tif,1,SR_B2,float64,,0,1418247,0,0,0,0,0,-0.06326999999999999,0.5867199999999999,0.09510034712477936,0.020968440503289446,57.19445544411016,1418247,NAN-SENTINEL
data/raw/landsat9/2026_07/landsat9_2026_07_composite_30m.tif,2,SR_B3,float64,,0,1418247,0,0,0,0,0,0.028167499999999984,0.57176,0.1464919834616105,0.02061607580630374,57.19445544411016,1418247,NAN-SENTINEL
data/raw/landsat9/2026_07/landsat9_2026_07_composite_30m.tif,3,SR_B4,float64,,0,1418247,0,0,0,0,0,0.0066900000000000015,0.5852075000000001,0.14821408294458793,0.02770653143049936,57.19445544411016,1418247,NAN-SENTINEL
data/raw/landsat9/2026_07/landsat9_2026_07_composite_30m.tif,4,SR_B5,float64,,0,1418247,0,0,0,0,0,0.07461499999999999,0.65008,0.2830245462147458,0.03690132432074406,57.19445544411016,1418247,NAN-SENTINEL
data/raw/landsat9/2026_07/landsat9_2026_07_composite_30m.tif,5,SR_B6,float64,,0,1418247,0,0,0,0,0,0.035922499999999996,0.7760575000000001,0.22500886071987375,0.033700726098210475,57.19445544411016,1418247,NAN-SENTINEL
data/raw/landsat9/2026_07/landsat9_2026_07_composite_30m.tif,6,SR_B7,float64,,0,1418247,0,0,0,0,0,0.023464999999999986,0.7669687500000001,0.1580244317705681,0.03438840255622445,57.19445544411016,1418247,NAN-SENTINEL
data/raw/landsat9/2026_07/landsat9_2026_07_composite_30m.tif,7,ST_B10,float64,,0,1418247,0,0,0,0,0,41050.0,51844.0,46524.25998939305,824.7933175189854,57.19445544411016,1418247,NAN-SENTINEL
data/raw/landsat9/2026_07/landsat9_2026_07_composite_30m.tif,8,QA_PIXEL,float64,,0,1418247,0,0,0,0,0,21762.0,54852.0,21844.83542086085,361.38386428036375,57.19445544411016,1418247,NAN-SENTINEL
data/raw/lulc/2022_07/lulc_2022_10m.tif,1,lulc,float32,,0,28574967,0,0,89332,89332,0,0.0,8.0,4.402405219345798,2.38219416793065,4.065779225139327,28574967,NAN-SENTINEL
data/raw/lulc/2023_07/lulc_2023_10m.tif,1,lulc,float32,,0,23091672,0,0,440356,440356,0,0.0,8.0,4.04493132096306,2.542713441753203,22.474746525213188,23091672,NAN-SENTINEL
data/raw/lulc/2024_07/lulc_2024_10m.tif,1,lulc,float32,,0,12592827,0,0,285090,285090,0,0.0,8.0,5.60669185379569,1.5044024117264787,57.72232928221312,12592827,NAN-SENTINEL
data/raw/lulc/2025_07/lulc_2025_10m.tif,1,lulc,float32,,0,29545686,0,0,14172,14172,0,0.0,8.0,5.578576362592275,1.8158737104843705,0.8068018532196334,29545686,NAN-SENTINEL
data/raw/lulc/2026_07/lulc_2026_10m.tif,1,lulc,float32,,0,12592827,0,0,798307,798307,0,0.0,8.0,5.000583371085721,2.3704833719683647,57.72232928221312,12592827,NAN-SENTINEL
data/raw/sentinel2/2022_07/sentinel2_2022_07_10m_composite.tif,1,B2,float64,,0,15198615,0,0,4,4,0,0.0,2.2168,0.11872799387278804,0.04319450177726706,48.97396427852011,15198615,NAN-SENTINEL
data/raw/sentinel2/2022_07/sentinel2_2022_07_10m_composite.tif,2,B3,float64,,0,15198615,0,0,1,1,0,0.0,2.0424,0.14253478870613207,0.043279810836779384,48.97396427852011,15198615,NAN-SENTINEL
data/raw/sentinel2/2022_07/sentinel2_2022_07_10m_composite.tif,3,B4,float64,,0,15198615,0,0,0,0,0,0.0153,1.8952,0.14214281280709326,0.05896875012860357,48.97396427852011,15198615,NAN-SENTINEL
data/raw/sentinel2/2022_07/sentinel2_2022_07_10m_composite.tif,4,B8,float64,,0,15198615,0,0,0,0,0,0.0277,1.7338,0.28379701517098505,0.07004089067070518,48.97396427852011,15198615,NAN-SENTINEL
data/raw/sentinel2/2022_07/sentinel2_2022_07_20m_composite.tif,1,B5,float64,,0,3799555,0,0,0,0,0,0.03725,1.8068,0.1812439627591441,0.045780409386748405,48.99453774913381,3799555,NAN-SENTINEL
data/raw/sentinel2/2022_07/sentinel2_2022_07_20m_composite.tif,2,B6,float64,,0,3799555,0,0,0,0,0,0.03645,1.7652,0.2603507305832857,0.05187796843655068,48.99453774913381,3799555,NAN-SENTINEL
data/raw/sentinel2/2022_07/sentinel2_2022_07_20m_composite.tif,3,B7,float64,,0,3799555,0,0,0,0,0,0.03535,1.7343,0.2981406729629797,0.06554835078952252,48.99453774913381,3799555,NAN-SENTINEL
data/raw/sentinel2/2022_07/sentinel2_2022_07_20m_composite.tif,4,B8A,float64,,0,3799555,0,0,1,1,0,0.0,1.6957,0.31298825212925246,0.07241686801757899,48.99453774913381,3799555,NAN-SENTINEL
data/raw/sentinel2/2022_07/sentinel2_2022_07_20m_composite.tif,5,B11,float64,,0,3799555,0,0,0,0,0,0.0229,1.4239,0.26482018303968347,0.06436889031686817,48.99453774913381,3799555,NAN-SENTINEL
data/raw/sentinel2/2022_07/sentinel2_2022_07_20m_composite.tif,6,B12,float64,,0,3799555,0,0,0,0,0,0.0154,1.5368,0.211718970245948,0.07812860660363088,48.99453774913381,3799555,NAN-SENTINEL
data/raw/sentinel2/2022_07/sentinel2_2022_07_20m_composite.tif,7,SCL,float64,,0,3799555,0,0,0,0,0,4.0,7.0,4.737654034311892,0.5295489382695266,48.99453774913381,3799555,NAN-SENTINEL
data/raw/sentinel2/2023_07/sentinel2_2023_07_10m_composite.tif,1,B2,float64,,0,16655369,0,0,0,0,0,0.0182,1.836,0.13300165329069102,0.0421846234959858,44.083230376687034,16655369,NAN-SENTINEL
data/raw/sentinel2/2023_07/sentinel2_2023_07_10m_composite.tif,2,B3,float64,,0,16655369,0,0,0,0,0,0.0174,2.2256,0.14714315463971228,0.036100244751278376,44.083230376687034,16655369,NAN-SENTINEL
data/raw/sentinel2/2023_07/sentinel2_2023_07_10m_composite.tif,3,B4,float64,,0,16655369,0,0,0,0,0,0.0146,1.9976,0.13463631374227178,0.04524700987660137,44.083230376687034,16655369,NAN-SENTINEL
data/raw/sentinel2/2023_07/sentinel2_2023_07_10m_composite.tif,4,B8,float64,,0,16655369,0,0,0,0,0,0.0451,1.7016,0.2810987302095383,0.06093494142066767,44.083230376687034,16655369,NAN-SENTINEL
data/raw/sentinel2/2023_07/sentinel2_2023_07_20m_composite.tif,1,B5,float32,,0,4164058,0,0,0,0,0,0.03700000047683716,1.8097000122070312,0.17410628499612624,0.035064102376476315,44.101426843560006,4164058,NAN-SENTINEL
data/raw/sentinel2/2023_07/sentinel2_2023_07_20m_composite.tif,2,B6,float32,,0,4164058,0,0,0,0,0,0.05270000174641609,1.7421000003814697,0.2560402564699565,0.04279908463136826,44.101426843560006,4164058,NAN-SENTINEL
data/raw/sentinel2/2023_07/sentinel2_2023_07_20m_composite.tif,3,B7,float32,,0,4164058,0,0,0,0,0,0.056699998676776886,1.7074999809265137,0.29133537563884937,0.05541978070799572,44.101426843560006,4164058,NAN-SENTINEL
data/raw/sentinel2/2023_07/sentinel2_2023_07_20m_composite.tif,4,B8A,float32,,0,4164058,0,0,0,0,0,0.04149999842047691,1.6706000566482544,0.30689053240103426,0.06380996517682487,44.101426843560006,4164058,NAN-SENTINEL
data/raw/sentinel2/2023_07/sentinel2_2023_07_20m_composite.tif,5,B11,float32,,0,4164058,0,0,0,0,0,0.02879999950528145,1.4537999629974365,0.23638567876247582,0.057392848781434566,44.101426843560006,4164058,NAN-SENTINEL
data/raw/sentinel2/2023_07/sentinel2_2023_07_20m_composite.tif,6,B12,float32,,0,4164058,0,0,0,0,0,0.019500000402331352,1.5721999406814575,0.17974644239619975,0.07284292971726469,44.101426843560006,4164058,NAN-SENTINEL
data/raw/sentinel2/2023_07/sentinel2_2023_07_20m_composite.tif,7,SCL,float32,,0,4164058,0,0,0,0,0,4.0,7.0,4.893839346266283,0.47761272083519174,44.101426843560006,4164058,NAN-SENTINEL
data/raw/sentinel2/2024_07/sentinel2_2024_07_10m_composite.tif,1,B2,float64,,0,22666600,0,0,6178,6161,17,0.0,1.5529,0.13011843860437677,0.05365938297546459,23.901833075941717,22666573,NAN-SENTINEL
data/raw/sentinel2/2024_07/sentinel2_2024_07_10m_composite.tif,2,B3,float64,,0,22666574,0,0,86,86,0,0.0,1.5608,0.14769770542597116,0.049413640452772176,23.901920365272275,22666573,NAN-SENTINEL
data/raw/sentinel2/2024_07/sentinel2_2024_07_10m_composite.tif,3,B4,float64,,0,22666600,0,0,2954,2950,4,0.0,1.5176,0.13744844373823636,0.06598809939768649,23.901833075941717,22666573,NAN-SENTINEL
data/raw/sentinel2/2024_07/sentinel2_2024_07_10m_composite.tif,4,B8,float64,,0,22666577,0,0,725,725,0,0.0,1.3817,0.31306586584334156,0.08856091851760066,23.901910293426443,22666573,NAN-SENTINEL
data/raw/sentinel2/2024_07/sentinel2_2024_07_20m_composite.tif,1,B5,float32,,0,5668608,0,0,0,0,0,0.020400000736117363,1.0936000347137451,0.1777767256113653,0.04791483705094839,23.904254219518318,5668608,NAN-SENTINEL
data/raw/sentinel2/2024_07/sentinel2_2024_07_20m_composite.tif,2,B6,float32,,0,5668608,0,0,36,36,0,0.0,1.0135999917984009,0.27547349232520024,0.06106103758626514,23.904254219518318,5668608,NAN-SENTINEL
data/raw/sentinel2/2024_07/sentinel2_2024_07_20m_composite.tif,3,B7,float32,,0,5668608,0,0,45,45,0,0.0,1.0506999492645264,0.3215988727251247,0.07859642889294235,23.904254219518318,5668608,NAN-SENTINEL
data/raw/sentinel2/2024_07/sentinel2_2024_07_20m_composite.tif,4,B8A,float32,,0,5668608,0,0,111,111,0,0.0,1.0972000360488892,0.35117600061134596,0.09407370303817365,23.904254219518318,5668608,NAN-SENTINEL
data/raw/sentinel2/2024_07/sentinel2_2024_07_20m_composite.tif,5,B11,float32,,0,5668608,0,0,0,0,0,0.014000000432133675,1.4910500049591064,0.2593164171744135,0.06998658871940093,23.904254219518318,5668608,NAN-SENTINEL
data/raw/sentinel2/2024_07/sentinel2_2024_07_20m_composite.tif,6,B12,float32,,0,5668608,0,0,0,0,0,0.01590000092983246,1.568750023841858,0.19529341038257841,0.08215195639360387,23.904254219518318,5668608,NAN-SENTINEL
data/raw/sentinel2/2024_07/sentinel2_2024_07_20m_composite.tif,7,SCL,float32,,0,5668608,0,0,0,0,0,2.0,7.0,5.1035465226635335,0.5706959754241039,23.904254219518318,5668608,NAN-SENTINEL
data/raw/sentinel2/2025_07/sentinel2_2025_07_10m_composite.tif,1,B2,float64,,0,25357963,0,0,8488,8477,11,0.0,2.2472,0.11719150422636486,0.06402112196648202,14.866168669844894,25357955,NAN-SENTINEL
data/raw/sentinel2/2025_07/sentinel2_2025_07_10m_composite.tif,2,B3,float64,,0,25357959,0,0,1769,1767,2,0.0,2.0552,0.13788585378952,0.05999255469422723,14.866182098972672,25357955,NAN-SENTINEL
data/raw/sentinel2/2025_07/sentinel2_2025_07_10m_composite.tif,3,B4,float64,,0,25357963,0,0,3330,3329,1,0.0,1.9113,0.13232354857242612,0.0747397749041441,14.866168669844894,25357955,NAN-SENTINEL
data/raw/sentinel2/2025_07/sentinel2_2025_07_10m_composite.tif,4,B8,float64,,0,25357955,0,0,20,20,0,0.0,1.7241,0.2950653166578028,0.07910662840452992,14.86619552810045,25357955,NAN-SENTINEL
data/raw/sentinel2/2025_07/sentinel2_2025_07_20m_composite.tif,1,B5,float32,,0,6341495,0,0,11,11,0,0.0,1.8100999593734741,0.17547351136090525,0.05636251354892777,14.871377349043065,6341495,NAN-SENTINEL
data/raw/sentinel2/2025_07/sentinel2_2025_07_20m_composite.tif,2,B6,float32,,0,6341495,0,0,0,0,0,0.009200000204145908,1.752500057220459,0.26867832879361625,0.05839902806547213,14.871377349043065,6341495,NAN-SENTINEL
data/raw/sentinel2/2025_07/sentinel2_2025_07_20m_composite.tif,3,B7,float32,,0,6341495,0,0,0,0,0,0.014000000432133675,1.7167999744415283,0.310477049258422,0.07356285898374187,14.871377349043065,6341495,NAN-SENTINEL
data/raw/sentinel2/2025_07/sentinel2_2025_07_20m_composite.tif,4,B8A,float32,,0,6341495,0,0,0,0,0,0.01590000092983246,1.6779999732971191,0.33147864634579105,0.08169183360032611,14.871377349043065,6341495,NAN-SENTINEL
data/raw/sentinel2/2025_07/sentinel2_2025_07_20m_composite.tif,5,B11,float32,,0,6341495,0,0,0,0,0,0.008500000461935997,1.44760000705719,0.2619481978690175,0.0678990822509219,14.871377349043065,6341495,NAN-SENTINEL
data/raw/sentinel2/2025_07/sentinel2_2025_07_20m_composite.tif,6,B12,float32,,0,6341495,0,0,0,0,0,0.00800000037997961,1.5372999906539917,0.20293807297120345,0.08957032673567587,14.871377349043065,6341495,NAN-SENTINEL
data/raw/sentinel2/2025_07/sentinel2_2025_07_20m_composite.tif,7,SCL,float32,,0,6341495,0,0,0,0,0,2.0,7.0,4.679254207606866,0.6976484494523231,14.871377349043065,6341495,NAN-SENTINEL
data/raw/sentinel2/2026_07/sentinel2_2026_07_10m_composite.tif,1,B2,float64,,0,12595152,0,0,3017900,3017881,19,0.0,3.1767,0.07958166998800756,0.080362911101096,57.71452360169207,12592976,NAN-SENTINEL
data/raw/sentinel2/2026_07/sentinel2_2026_07_10m_composite.tif,2,B3,float64,,0,12592996,0,0,4957,4774,183,0.0,3.1767,0.13596438494110744,0.06744741942418979,57.72176190156449,12592976,NAN-SENTINEL
data/raw/sentinel2/2026_07/sentinel2_2026_07_10m_composite.tif,3,B4,float64,,0,12592979,0,0,1040,956,84,0.0,3.1767,0.1509489032613873,0.07199025281484858,57.72181897535755,12592976,NAN-SENTINEL
data/raw/sentinel2/2026_07/sentinel2_2026_07_10m_composite.tif,4,B8,float64,,0,12592976,0,0,138,138,0,0.0,2.4846,0.29736149818961455,0.06594080624358505,57.721829047203386,12592976,NAN-SENTINEL
data/raw/sentinel2/2026_07/sentinel2_2026_07_20m_composite.tif,1,B5,float64,,0,3147718,0,0,3,3,0,0.0,2.939,0.19762044061826411,0.04413989699322615,57.744838112523176,3147718,NAN-SENTINEL
data/raw/sentinel2/2026_07/sentinel2_2026_07_20m_composite.tif,2,B6,float64,,0,3147718,0,0,0,0,0,0.007,2.7473,0.2687838528851643,0.049710319501932165,57.744838112523176,3147718,NAN-SENTINEL
data/raw/sentinel2/2026_07/sentinel2_2026_07_20m_composite.tif,3,B7,float64,,0,3147718,0,0,0,0,0,0.0016,2.6092,0.2914484064620726,0.0576082910700723,57.744838112523176,3147718,NAN-SENTINEL
data/raw/sentinel2/2026_07/sentinel2_2026_07_20m_composite.tif,4,B8A,float64,,0,3147718,0,0,4,4,0,0.0,2.28,0.3297297680137958,0.06687510572153636,57.744838112523176,3147718,NAN-SENTINEL
data/raw/sentinel2/2026_07/sentinel2_2026_07_20m_composite.tif,5,B11,float64,,0,3147718,0,0,0,0,0,0.0651,1.7572,0.25637472549697876,0.04437874273994647,57.744838112523176,3147718,NAN-SENTINEL
data/raw/sentinel2/2026_07/sentinel2_2026_07_20m_composite.tif,6,B12,float64,,0,3147718,0,0,0,0,0,0.0529,1.6339,0.19201001858149266,0.04940553983960761,57.744838112523176,3147718,NAN-SENTINEL
data/raw/sentinel2/2026_07/sentinel2_2026_07_20m_composite.tif,7,SCL,float64,,0,3147718,0,0,0,0,0,4.0,6.0,4.986475239864682,0.14347221296290993,57.744838112523176,3147718,NAN-SENTINEL
