date,temperature_2m_max,temperature_2m_min,precipitation_sum,shortwave_radiation_sum
2022-01-01,18.04375,4.89375,0.0,12.4675
2022-01-02,18.75625,6.08125,0.0,11.7375
2022-01-03,19.99375,6.7375,0.0,12.444375
2022-01-04,21.3875,7.55625,0.05625,10.658125
2022-01-05,14.69375,11.225,10.9,2.105625
2022-01-06,18.4125,11.975,0.9875,6.916875
2022-01-07,19.81875,12.4875,2.5,6.7425
2022-01-08,17.55625,13.94375,34.175,5.0975
2022-01-09,16.91875,10.05,4.0375,5.493125
2022-01-10,17.0,7.45,0.0,12.56125
2022-01-11,17.4375,6.86875,0.0,12.925625
2022-01-12,17.23125,7.16875,0.0,11.04
2022-01-13,17.35625,6.63125,0.00625,11.64375
2022-01-14,16.65625,5.74375,0.0,11.879375
2022-01-15,16.7125,5.36875,0.0,13.173125
2022-01-16,15.85,5.2,0.0,12.14125
2022-01-17,14.4125,4.26875,0.0,9.454375
2022-01-18,16.2,4.8375,0.0,11.89
2022-01-19,17.56875,5.95625,0.43125,11.990625
2022-01-20,17.9875,8.8375,1.18125,11.89125
2022-01-21,18.55,7.11875,0.0,13.2525
2022-01-22,16.15625,11.90625,17.2875,5.043125
2022-01-23,16.5375,8.04375,3.6625,8.17625
2022-01-24,16.21875,6.19375,0.40625,12.233125
2022-01-25,16.4625,5.7,0.00625,12.24625
2022-01-26,16.71875,5.56875,0.06875,12.933125
2022-01-27,17.74375,6.79375,0.0,14.8725
2022-01-28,17.84375,6.725,0.0,15.163125
2022-01-29,19.54375,5.9875,0.0,15.085625
2022-01-30,20.16875,8.63125,0.0,15.313125
2022-01-31,20.79375,6.9625,0.0,15.2325
2022-02-01,20.9375,7.7875,0.0,14.423125
2022-02-02,20.40625,8.549999999999999,0.0,15.485
2022-02-03,15.23125,9.65625,15.58125,7.06375
2022-02-04,16.45625,7.8375,0.175,11.506875
2022-02-05,16.79375,5.8375,0.0,13.775
2022-02-06,20.275,6.175,0.0,16.145625
2022-02-07,22.3625,8.1,0.0,15.8875
2022-02-08,22.275,10.50625,0.88125,14.9475
2022-02-09,18.625,10.1,4.20625,11.67625
2022-02-10,20.11875,7.66875,0.0,16.284375
2022-02-11,20.1625,9.65,0.0,17.108125
2022-02-12,21.18125,9.01875,0.0,17.44375
2022-02-13,22.225,7.475,0.0,17.285625
2022-02-14,23.0125,8.9125,0.0,17.345625
2022-02-15,23.14375,9.925,0.0,17.105
2022-02-16,23.475,9.75,0.0,17.35875
2022-02-17,23.98125,9.9625,0.0,17.480625
2022-02-18,24.6875,9.78125,0.00625,17.305
2022-02-19,23.86875,10.025,0.0,18.14125
2022-02-20,23.6375,12.23125,0.0,18.30625
2022-02-21,24.19375,10.575,0.0,18.818125
2022-02-22,25.3,11.86875,0.0,18.23
2022-02-23,23.85,14.125,0.0,17.59875
2022-02-24,24.71875,11.9625,0.0,16.958125
2022-02-25,24.925,12.19375,0.7625,17.544375
2022-02-26,23.18125,14.2125,1.45625,18.080625
2022-02-27,23.20625,12.18125,0.46875,18.97875
2022-02-28,22.83125,10.7125,0.0,19.76875
2022-03-01,24.1875,10.018749999999999,0.0,19.42125
2022-03-02,25.28125,10.83125,0.0,19.546875
2022-03-03,26.35,13.41875,1.56875,17.288125
2022-03-04,24.91875,13.30625,0.0,19.3625
2022-03-05,25.6125,13.0375,0.0,20.11
2022-03-06,25.89375,13.4125,0.0,18.04375
2022-03-07,27.6,14.25,0.0,19.2325
2022-03-08,29.1625,13.49375,0.0,20.32625
2022-03-09,29.80625,14.48125,0.0,20.30625
2022-03-10,28.7875,15.85625,0.0,20.24875
2022-03-11,28.7375,15.06875,0.0,20.91625
2022-03-12,29.79375,14.425,0.0,21.3
2022-03-13,31.28125,15.924999999999999,0.0,20.838125
2022-03-14,31.5375,15.81875,0.0,20.93125
2022-03-15,33.15,17.78125,0.0,20.95
2022-03-16,34.31875,19.6,0.0,21.392500000000002
2022-03-17,32.95625,19.21875,0.0,21.4225
2022-03-18,33.6875,21.525,0.0,21.15875
2022-03-19,34.5875,20.10625,0.0,21.253125
2022-03-20,35.525,20.63125,0.0,21.781875
2022-03-21,35.44375,19.60625,0.0,21.62375
2022-03-22,34.65,20.5625,0.0,22.54625
2022-03-23,34.8125,18.2,0.0,21.919375
2022-03-24,34.34375,19.46875,0.0,22.348125
2022-03-25,34.33125,18.6,0.0,22.71375
2022-03-26,34.49375,18.9125,0.0,23.131875
2022-03-27,36.19375,19.6375,0.0,23.335625
2022-03-28,37.35625,18.875,0.0,23.275
2022-03-29,38.19375,18.90625,0.0,23.375
2022-03-30,37.8875,19.4375,0.0,23.239375
2022-03-31,38.15,20.08125,0.0,23.0725
2022-04-01,35.78125,21.125,0.0,24.10375
2022-04-02,37.1875,18.775,0.0,23.85
2022-04-03,38.6625,19.825,0.0,24.364375
2022-04-04,37.66875,20.08125,0.0,24.225
2022-04-05,38.09375,19.40625,0.0,24.33
2022-04-06,38.5625,19.88125,0.0,24.153125
2022-04-07,39.28125,20.23125,0.0,24.131875
2022-04-08,40.675,21.40625,0.0,24.27375
2022-04-09,41.4625,22.14375,0.0,23.68625
2022-04-10,40.89375,23.3125,0.0,24.34375
2022-04-11,41.325,22.975,0.0,24.009999999999998
2022-04-12,39.8,24.39375,0.0,21.538125
2022-04-13,39.13125,22.81875,0.0,24.015625
2022-04-14,39.29375,24.50625,0.0,24.221875
2022-04-15,38.8125,22.83125,0.0,23.54125
2022-04-16,39.04375,22.275,0.0,24.233125
2022-04-17,40.36875,22.3875,0.0,24.64125
2022-04-18,41.18125,23.175,0.0,24.221875
2022-04-19,41.7,24.4875,0.0,23.895625
2022-04-20,40.6625,26.70625,0.0,23.6125
2022-04-21,36.3125,25.70625,0.0,15.396875
2022-04-22,38.21875,22.6625,0.0,23.858125
2022-04-23,38.9625,22.53125,0.0,24.655625
2022-04-24,39.65,23.5,0.0,24.64125
2022-04-25,40.36875,24.375,0.0,23.91125
2022-04-26,40.59375,24.0375,0.0,24.02625
2022-04-27,41.1375,23.23125,0.0,24.850625
2022-04-28,42.95,24.6125,0.0,24.51125
2022-04-29,43.3375,27.03125,0.0,24.476875
2022-04-30,43.15,27.7125,0.0,24.375625
2022-05-01,41.2625,26.2875,0.0125,22.43
2022-05-02,40.3375,26.14375,0.00625,22.618125
2022-05-03,39.925,26.66875,0.05,22.255625
2022-05-04,39.05625,25.9,1.1124999999999998,21.111875
2022-05-05,38.35625,23.20625,0.0,23.416875
2022-05-06,39.2,25.0,0.0,22.791875
2022-05-07,39.775,24.65625,0.0,23.0575
2022-05-08,40.76875,25.04375,0.0,23.773125
2022-05-09,39.89375,27.23125,0.0125,22.24375
2022-05-10,39.25,28.14375,0.375,21.83625
2022-05-11,41.01875,27.73125,0.0,22.27875
2022-05-12,42.575,28.3,0.0,22.431874999999998
2022-05-13,43.66875,27.54375,0.0,23.274375
2022-05-14,44.1375,27.025,0.0,24.11625
2022-05-15,45.39375,27.8125,0.0,22.904375
2022-05-16,42.05,30.8,0.0,17.70625
2022-05-17,38.975,27.475,0.16875,20.445625
2022-05-18,42.04375,27.21875,0.0,22.305
2022-05-19,43.40625,26.9125,0.0,23.48375
2022-05-20,44.6375,28.19375,0.0,23.136875
2022-05-21,40.55625,28.70625,0.0125,19.528125
2022-05-22,39.60625,25.375,0.0,22.525
2022-05-23,32.23125,22.20625,15.293750000000001,17.471875
2022-05-24,33.24375,21.30625,0.0625,22.3
2022-05-25,33.86875,22.6875,0.0,22.70375
2022-05-26,36.03125,23.4,0.0,23.424375
2022-05-27,38.55625,25.26875,0.05,21.76875
2022-05-28,39.9625,26.975,0.2125,21.84125
2022-05-29,40.4625,26.73125,0.00625,22.33375
2022-05-30,40.8,27.4625,0.1125,21.87375
2022-05-31,39.45625,25.575,0.0,22.30125
2022-06-01,40.49375,24.86875,0.0,22.464375
2022-06-02,41.3875,27.162499999999998,0.0,21.94875
2022-06-03,42.31875,26.2125,0.0,24.16125
2022-06-04,43.09375,25.54375,0.0,23.273125
2022-06-05,42.8875,27.43125,0.0,21.511875
2022-06-06,42.375,27.58125,0.0,24.346875
2022-06-07,43.24375,28.55,0.0,23.29
2022-06-08,42.71875,31.825,0.0,23.42125
2022-06-09,42.35,30.1875,0.0,20.849375000000002
2022-06-10,42.325,30.30625,0.0,21.78875
2022-06-11,43.2625,31.2875,0.0,23.16125
2022-06-12,42.575,29.375,0.0,22.090625
2022-06-13,43.05,31.2625,0.05,21.639375
2022-06-14,38.65,31.00625,0.0,16.51875
2022-06-15,42.1,29.525,0.0,22.49125
2022-06-16,38.425,30.7375,1.1375,20.015625
2022-06-17,37.0625,24.4875,7.2125,20.041875
2022-06-18,34.48125,25.575,2.85625,19.024375
2022-06-19,32.8375,23.80625,12.1,13.99375
2022-06-20,33.125,22.73125,0.36875,19.16
2022-06-21,32.6875,24.36875,6.8187500000000005,19.38
2022-06-22,34.9125,24.25,5.4625,21.438125
2022-06-23,36.9375,26.15,0.0,23.860625
2022-06-24,37.64375,23.84375,0.0,24.7025
2022-06-25,38.66875,25.0375,0.0,24.301875
2022-06-26,39.41875,28.71875,0.06875,22.483125
2022-06-27,38.9,30.50625,0.0,22.000625
2022-06-28,40.975,27.7125,0.9875,21.465
2022-06-29,41.20625,29.3125,0.09375,20.539375
2022-06-30,31.3375,26.3,6.01875,10.6775
2022-07-01,31.61875,25.25,3.10625,14.9025
2022-07-02,34.95625,26.1375,1.4,21.300625
2022-07-03,34.28125,25.5875,9.875,17.355
2022-07-04,35.043749999999996,25.975,12.125,21.42125
2022-07-05,36.40625,27.09375,0.30625,20.025625
2022-07-06,35.28125,28.46875,3.0625,15.234375
2022-07-07,35.49375,26.93125,2.03125,20.595625
2022-07-08,36.85625,29.09375,0.11875,22.42375
2022-07-09,34.43125,28.45625,1.475,15.73125
2022-07-10,33.125,26.56875,10.25625,15.081875
2022-07-11,35.1875,26.7875,0.55625,21.425625
2022-07-12,35.16875,28.00625,3.25,18.089375
2022-07-13,35.275,27.7375,4.75625,20.305625
2022-07-14,34.74375,27.475,13.95,17.278125
2022-07-15,35.78125,28.86875,1.8,20.13875
2022-07-16,33.6625,27.74375,7.025,15.745625
2022-07-17,33.4875,26.03125,11.6625,18.0425
2022-07-18,35.58125,26.15625,4.075,21.993125
2022-07-19,35.19375,27.25625,4.275,20.4425
2022-07-20,33.575,26.4375,25.9125,16.59125
2022-07-21,31.225,24.8625,15.043750000000001,15.36375
2022-07-22,31.925,25.29375,4.65,16.33
2022-07-23,30.6,25.1875,11.99375,12.1675
2022-07-24,33.41875,25.86875,4.4375,20.41
2022-07-25,32.6625,25.6,8.15,20.341875
2022-07-26,31.5625,25.51875,1.7875,17.53
2022-07-27,32.25,25.6,3.2625,17.616875
2022-07-28,31.875,25.15,14.35,15.7175
2022-07-29,30.61875,25.00625,14.3125,14.435625
2022-07-30,31.675,25.18125,6.00625,14.52625
2022-07-31,32.6125,25.68125,1.6875,20.580625
2022-08-01,31.5,25.26875,7.38125,17.62
2022-08-02,33.6,25.71875,0.325,22.10625
2022-08-03,32.9875,26.225,0.3875,18.865625
2022-08-04,31.475,26.45625,2.6125,14.070625
2022-08-05,31.125,24.93125,7.03125,14.418125
2022-08-06,32.8,25.33125,3.025,20.903125
2022-08-07,31.1125,25.34375,18.55625,13.84
2022-08-08,33.55625,24.8625,0.11875,21.74625
2022-08-09,33.81875,27.44375,0.55625,20.474375
2022-08-10,34.64375,27.5875,0.23125,22.0075
2022-08-11,29.48125,26.58125,3.9375,8.978125
2022-08-12,33.9125,25.30625,0.1875,22.07625
2022-08-13,33.6125,26.4875,1.025,21.27375
2022-08-14,32.7625,26.05625,6.55,15.905
2022-08-15,31.2,25.60625,1.03125,16.354375
2022-08-16,30.53125,25.78125,8.86875,11.2225
2022-08-17,32.225,25.41875,0.33125,20.92
2022-08-18,33.45625,25.55,0.38125,21.340625
2022-08-19,33.9875,26.625,0.50625,21.58875
2022-08-20,30.925,25.3125,3.7,11.946875
2022-08-21,33.9875,25.65,0.4375,20.065
2022-08-22,33.325,26.0,6.54375,15.459375
2022-08-23,33.5,25.96875,1.80625,20.8425
2022-08-24,32.75625,26.08125,1.20625,19.25
2022-08-25,33.78125,25.20625,0.35625,21.400625
2022-08-26,34.6875,26.693749999999998,0.7875,19.775
2022-08-27,35.0875,27.63125,1.05,20.98
2022-08-28,35.3,27.4875,0.2875,21.373124999999998
2022-08-29,34.575,27.05625,0.9625,20.764375
2022-08-30,36.38125,26.2375,0.0125,21.345625
2022-08-31,36.625,27.69375,0.40625,19.49375
2022-09-01,36.86875,27.74375,0.10625000000000001,20.114375
2022-09-02,36.8875,27.425,0.043750000000000004,20.065
2022-09-03,37.3375,27.275,0.275,21.223125
2022-09-04,36.99375,27.66875,0.0,22.4
2022-09-05,36.14375,26.81875,0.00625,22.043125
2022-09-06,37.10625,26.7625,0.05625,21.298125
2022-09-07,36.8,26.64375,0.018750000000000003,21.410625
2022-09-08,36.025,26.525,0.0125,21.115000000000002
2022-09-09,35.35625,27.6125,0.2875,20.129375
2022-09-10,34.40625,24.89375,1.80625,19.5975
2022-09-11,33.775,24.1375,5.83125,20.091874999999998
2022-09-12,35.05625,27.08125,0.36875,17.626875
2022-09-13,34.15625,24.90625,4.95625,19.595625
2022-09-14,30.9,24.86875,13.1375,12.859375
2022-09-15,30.4625,24.54375,13.01875,14.210625
2022-09-16,31.5,23.43125,6.05,16.128125
2022-09-17,33.85625,23.78125,0.34375,19.545625
2022-09-18,33.725,23.38125,0.225,19.9525
2022-09-19,33.74375,24.55625,0.05,19.22625
2022-09-20,32.35,23.85625,5.74375,17.79875
2022-09-21,32.0875,24.64375,9.51875,15.400625
2022-09-22,27.36875,24.1125,38.13125,7.8275
2022-09-23,27.95625,23.4875,61.775,6.245
2022-09-24,27.29375,23.44375,39.675,5.79
2022-09-25,30.86875,23.7125,1.0875,18.266875
2022-09-26,31.05,22.6875,0.18125000000000002,18.27
2022-09-27,31.55625,22.2375,0.00625,19.304375
2022-09-28,32.18125,22.75,0.0875,19.278125
2022-09-29,32.05,22.64375,0.0,19.238125
2022-09-30,32.0875,22.60625,0.0,19.019375
2022-10-01,32.800000000000004,22.98125,0.0125,18.759375
2022-10-02,33.15625,22.79375,0.0,18.908125000000002
2022-10-03,33.275,22.86875,0.0,19.28125
2022-10-04,32.775,22.95,0.0,18.468125
2022-10-05,31.6375,22.69375,0.31875,17.051875
2022-10-06,30.75625,22.9625,0.025,16.258125
2022-10-07,26.53125,22.99375,1.575,5.656875
2022-10-08,23.76875,21.73125,37.18125,3.200625
2022-10-09,25.9375,21.0125,41.075,7.753125
2022-10-10,27.64375,21.0,1.425,11.98375
2022-10-11,26.93125,20.64375,2.2,11.040625
2022-10-12,28.56875,19.80625,0.0125,16.425625
2022-10-13,29.29375,18.69375,0.0,17.65625
2022-10-14,29.60625,18.6,0.0,18.009375
2022-10-15,29.8625,18.3875,0.0,17.94875
2022-10-16,30.06875,18.45,0.0,17.573125
2022-10-17,30.3875,18.1875,0.0,17.44125
2022-10-18,30.525,17.625,0.0,17.46375
2022-10-19,30.3125,18.19375,0.0,17.18125
2022-10-20,30.50625,18.06875,0.08750000000000001,16.7725
2022-10-21,30.26875,17.3375,0.0,16.894375
2022-10-22,29.3,17.68125,0.0,16.815
2022-10-23,28.775,16.0,0.0,16.9025
2022-10-24,29.5875,16.08125,0.0,16.83
2022-10-25,29.56875,15.99375,0.0,16.845
2022-10-26,29.9,15.74375,0.0,16.381875
2022-10-27,30.14375,16.7875,0.0,16.204375
2022-10-28,30.00625,16.756249999999998,0.0,15.84375
2022-10-29,29.41875,16.3875,0.0,15.95125
2022-10-30,29.775,16.1125,0.0,15.69125
2022-10-31,29.56875,15.8,0.0,15.48125
2022-11-01,30.44375,17.2875,0.0,15.200625
2022-11-02,29.55,17.6125,0.0,15.35125
2022-11-03,30.5625,17.76875,0.0,14.974375
2022-11-04,30.6,18.725,0.0,14.70875
2022-11-05,30.09375,18.9875,0.0,14.439375
2022-11-06,29.50625,18.78125,0.0,12.406875
2022-11-07,30.5,18.33125,0.18125000000000002,13.691875
2022-11-08,28.4125,16.925,7.1875,12.149375
2022-11-09,27.1875,16.31875,0.0625,13.62875
2022-11-10,25.975,17.1,0.43125,12.64125
2022-11-11,26.39375,15.21875,0.0,14.180625
2022-11-12,26.381249999999998,15.25,0.0,14.193125
2022-11-13,26.7,14.525,0.0,13.826875000000001
2022-11-14,27.54375,15.05625,0.0,13.52
2022-11-15,26.59375,15.43125,0.0,12.66875
2022-11-16,25.16875,15.54375,0.0,13.65
2022-11-17,24.3625,13.30625,0.0,13.73125
2022-11-18,24.38125,11.60625,0.0,13.878125
2022-11-19,24.2625,11.25,0.0,13.420625
2022-11-20,25.2375,11.275,0.0,13.33625
2022-11-21,25.59375,12.1875,0.0,13.485
2022-11-22,25.14375,12.05,0.0,13.44625
2022-11-23,25.05,11.19375,0.0,13.685
2022-11-24,25.1625,11.525,0.0,13.520625
2022-11-25,24.88125,10.4875,0.0,13.215
2022-11-26,24.93125,11.175,0.0,13.275625
2022-11-27,24.775,10.09375,0.0,13.206875
2022-11-28,24.1625,9.84375,0.0,13.0475
2022-11-29,24.09375,9.7375,0.0,12.855
2022-11-30,23.99375,10.725,0.0,12.695
2022-12-01,23.71875,10.53125,0.0,12.771875
2022-12-02,23.34375,9.89375,0.0,12.5025
2022-12-03,23.61875,10.3,0.0,12.46
2022-12-04,23.4875,10.387500000000001,0.0,12.606875
2022-12-05,22.35625,9.45625,0.0,12.56375
2022-12-06,22.83125,10.725,0.0,12.61125
2022-12-07,23.10625,11.18125,0.0,12.580625
2022-12-08,22.90625,10.2875,0.0,12.315625
2022-12-09,23.7125,9.46875,0.0,12.248125
2022-12-10,25.0875,10.18125,0.0,12.221875
2022-12-11,25.275,11.03125,0.0,12.363125
2022-12-12,24.7875,11.16875,0.0,12.454375
2022-12-13,24.381249999999998,11.0125,0.0,12.4675
2022-12-14,22.175,10.85625,0.0,12.62375
2022-12-15,21.73125,8.55625,0.0,12.48875
2022-12-16,21.43125,8.1125,0.0,12.510625000000001
2022-12-17,21.76875,7.68125,0.0,12.384375
2022-12-18,21.575,7.45,0.0,12.314375
2022-12-19,21.39375,7.85625,0.0,12.16875
2022-12-20,20.8125,7.725,0.0,11.893125
2022-12-21,20.53125,7.39375,0.0,12.3525
2022-12-22,20.45,7.8875,0.0,12.28
2022-12-23,18.775,7.275,0.0,11.239375
2022-12-24,18.8875,8.1375,0.0,12.305
2022-12-25,17.23125,6.06875,0.018750000000000003,12.3375
2022-12-26,18.34375,5.8875,0.0,12.300625
2022-12-27,18.76875,6.8625,0.0,11.9075
2022-12-28,19.5875,7.7124999999999995,0.0,12.411875
2022-12-29,19.7625,8.6625,0.15625,8.835
2022-12-30,20.6875,10.7625,0.08125,11.055
2022-12-31,19.05,8.79375,0.0,12.432500000000001
2023-01-01,18.2875,6.8875,0.0,12.355625
2023-01-02,17.93125,6.01875,0.0,12.3
2023-01-03,16.625,5.29375,0.0,11.454375
2023-01-04,16.6,5.05,0.0,12.411875
2023-01-05,15.6125,4.95,0.0,10.960625
2023-01-06,14.10625,4.2375,0.0,11.1
2023-01-07,15.275,3.49375,0.0,11.358125
2023-01-08,17.0375,4.9875,0.0,11.559375
2023-01-09,17.3625,5.1875,0.0,9.680625
2023-01-10,18.443749999999998,7.075,0.0,11.093125
2023-01-11,19.0,6.93125,0.043750000000000004,11.284375
2023-01-12,20.15,9.91875,0.11875000000000001,12.036875
2023-01-13,18.6375,9.98125,5.1625,10.235
2023-01-14,16.94375,7.68125,0.0,13.334999999999999
2023-01-15,15.31875,5.0125,0.0,14.119375
2023-01-16,15.51875,2.99375,0.0,14.038125
2023-01-17,16.26875,3.0,0.0,14.193125
2023-01-18,16.625,2.81875,0.0,14.065625
2023-01-19,18.025,5.9375,0.40625,13.090625000000001
2023-01-20,19.525,9.25625,0.0,12.2325
2023-01-21,20.0375,6.94375,0.0,13.9425
2023-01-22,21.4375,7.86875,0.0,13.27
2023-01-23,22.45,8.46875,0.15,13.971875
2023-01-24,20.95625,11.99375,5.3375,9.683125
2023-01-25,20.74375,11.8125,1.35,11.310625
2023-01-26,18.8375,9.525,0.00625,13.66375
2023-01-27,18.38125,7.175,0.0,15.272499999999999
2023-01-28,20.29375,6.0125,0.0,15.354375
2023-01-29,16.39375,7.8125,3.7062500000000003,5.331875
2023-01-30,16.3375,9.9875,10.93125,6.541875
2023-01-31,20.45625,9.54375,0.0,14.9025
2023-02-01,20.0375,9.2625,0.0,15.689375
2023-02-02,21.58125,9.15625,0.0,15.825625
2023-02-03,22.39375,9.1875,0.0,15.774375
2023-02-04,22.74375,10.08125,0.0,15.779375
2023-02-05,23.30625,10.65625,0.0,16.186875
2023-02-06,24.9,9.89375,0.0625,15.565
2023-02-07,23.26875,12.41875,0.0,16.105625
2023-02-08,22.6,9.78125,0.0,16.424375
2023-02-09,25.36875,9.0625,0.0,16.311875
2023-02-10,25.2625,12.5625,0.0,16.220625000000002
2023-02-11,25.71875,13.03125,0.0,16.770625
2023-02-12,21.85625,10.25625,0.0,17.339375
2023-02-13,20.875,9.61875,0.0,17.516875
2023-02-14,23.5125,10.575,0.0,17.09
2023-02-15,25.71875,12.69375,0.0,17.35875
2023-02-16,25.99375,11.15,0.0,17.360625
2023-02-17,26.3,12.35625,0.0,17.473125
2023-02-18,26.1875,12.3875,0.0,17.524375
2023-02-19,27.5875,13.3,0.0,17.531875
2023-02-20,29.8625,14.33125,0.0,17.65875
2023-02-21,29.0375,15.29375,0.0,18.263125
2023-02-22,27.93125,13.75,0.0,17.06
2023-02-23,27.525,13.39375,0.0,18.84
2023-02-24,27.575,11.8875,0.0,17.923750000000002
2023-02-25,27.93125,12.475,0.0,18.75125
2023-02-26,28.9,13.98125,0.0,18.38625
2023-02-27,29.59375,14.76875,0.0,17.86875
2023-02-28,28.9125,13.8625,0.03125,17.584375
2023-03-01,29.26875,15.5625,0.0,18.085
2023-03-02,29.64375,14.9375,0.0,18.86875
2023-03-03,30.2625,16.2125,0.0,18.4475
2023-03-04,29.4625,16.9875,0.0,17.830625
2023-03-05,29.325,15.40625,0.0,19.396875
2023-03-06,28.51875,14.83125,0.0,20.048125
2023-03-07,28.44375,14.3,0.0,19.833750000000002
2023-03-08,27.787499999999998,14.56875,0.06875,18.06125
2023-03-09,27.55625,15.1,0.75625,18.395625
2023-03-10,29.03125,14.5375,0.0,20.299375
2023-03-11,29.70625,15.40625,0.0,20.369374999999998
2023-03-12,31.2875,16.2,0.0,20.55875
2023-03-13,31.70625,16.9375,0.04375,18.21875
2023-03-14,31.4875,16.33125,0.0,20.37125
2023-03-15,31.775,16.575,0.0,20.39875
2023-03-16,31.56875,18.1875,0.6,17.14625
2023-03-17,27.99375,18.6875,0.925,16.878125
2023-03-18,26.16875,16.69375,4.3125,18.2975
2023-03-19,25.48125,15.35625,1.71875,18.055
2023-03-20,23.6625,15.943750000000001,19.60625,13.826875
2023-03-21,23.38125,14.75625,2.00625,16.68625
2023-03-22,26.26875,13.65,0.00625,21.3475
2023-03-23,28.19375,15.275,0.0,21.525
2023-03-24,27.29375,16.61875,19.33125,16.669375
2023-03-25,26.68125,17.25,3.25,19.7675
2023-03-26,28.00625,16.025,0.0,21.09375
2023-03-27,27.16875,15.0875,0.0,22.451875
2023-03-28,28.7375,15.29375,0.0,21.63625
2023-03-29,30.86875,16.38125,0.2125,19.060624999999998
2023-03-30,30.8875,17.4375,10.7625,18.965625
2023-03-31,24.5125,16.65,8.225,17.003125
2023-04-01,25.9,15.0125,1.2125,19.968125
2023-04-02,28.74375,15.63125,0.05,21.74875
2023-04-03,31.0375,15.95,0.037500000000000006,21.89125
2023-04-04,28.49375,17.0625,0.14375,22.48875
2023-04-05,30.45625,16.0125,0.0,23.794375
2023-04-06,31.45625,16.79375,0.33125,22.52625
2023-04-07,31.39375,17.30625,0.0,24.505
2023-04-08,32.14375,16.35,0.0,24.62125
2023-04-09,33.35625,17.05625,0.0,24.30875
2023-04-10,33.64375,17.8125,0.0,23.634375
2023-04-11,35.85,18.75625,0.0,23.268125
2023-04-12,36.56875,22.83125,0.0,21.740625
2023-04-13,37.24375,21.19375,0.0,24.324375
2023-04-14,37.425,20.7375,0.0,24.023125
2023-04-15,39.075,20.94375,0.0,24.221875
2023-04-16,38.6625,22.0375,0.0,23.195625
2023-04-17,38.9,23.25,0.0,23.09125
2023-04-18,39.08125,24.1625,0.0,22.668125
2023-04-19,36.95,24.25,0.125,20.850625
2023-04-20,34.41875,22.5125,0.0,22.324375
2023-04-21,34.75,20.96875,0.0,23.32625
2023-04-22,34.9,20.6125,0.0,23.461875
2023-04-23,33.7125,20.4875,0.21250000000000002,20.346875
2023-04-24,32.03125,19.575,0.00625,21.1025
2023-04-25,33.0375,20.13125,0.0,23.50125
2023-04-26,35.26875,20.70625,0.0,21.739375
2023-04-27,35.25,22.3125,0.3875,18.33375
2023-04-28,33.275,22.075,0.018750000000000003,17.785625
2023-04-29,32.2875,21.45625,0.7062499999999999,17.866875
2023-04-30,30.4125,20.79375,3.0875,14.990625
2023-05-01,27.4125,19.81875,5.09375,13.73625
2023-05-02,27.85625,19.1625,6.25,15.19375
2023-05-03,28.16875,19.475,7.0,17.958750000000002
2023-05-04,29.9375,18.475,0.025,22.21375
2023-05-05,31.575,20.4125,2.31875,19.916875
2023-05-06,35.2375,20.19375,0.23125,21.776875
2023-05-07,36.79375,20.66875,0.0125,21.968125
2023-05-08,36.7375,22.25625,0.0,22.374375
2023-05-09,36.74375,20.39375,0.0,24.505625000000002
2023-05-10,36.275,21.225,0.0,24.906875
2023-05-11,38.34375,21.29375,0.0,24.65125
2023-05-12,41.4875,21.9375,0.0,24.08375
2023-05-13,41.168749999999996,24.14375,0.0,23.33625
2023-05-14,40.03125,25.65,0.0375,20.735625
2023-05-15,40.3875,24.35625,0.0,23.040625
2023-05-16,38.35,25.66875,0.19999999999999998,19.811875
2023-05-17,40.55,24.9625,0.0,21.634375
2023-05-18,37.625,23.5375,0.00625,22.75
2023-05-19,37.9625,25.85,0.0,23.786875
2023-05-20,40.10625,24.3375,0.0,23.915625
2023-05-21,42.56875,25.3875,0.0,23.33125
2023-05-22,42.24375,28.9875,0.0,20.641875
2023-05-23,43.33125,30.15625,0.60625,19.451249999999998
2023-05-24,37.54375,26.1125,0.71875,16.993125
2023-05-25,33.9125,23.71875,0.675,20.2625
2023-05-26,34.26875,22.525,0.0125,22.84
2023-05-27,34.03125,21.4125,11.675,18.59875
2023-05-28,33.94375,23.375,0.35,20.903125
2023-05-29,33.61875,22.40625,2.15,18.53
2023-05-30,34.21875,22.8125,2.10625,21.938125
2023-05-31,30.44375,21.16875,6.6875,19.14875
2023-06-01,33.05,19.8625,0.14375000000000002,22.15875
2023-06-02,32.60625,21.86875,2.10625,22.8325
2023-06-03,34.525,22.39375,0.0,23.63625
2023-06-04,35.3,23.21875,0.33125,20.501875
2023-06-05,36.7625,25.0875,0.19375,22.25375
2023-06-06,37.6,23.76875,0.04375,21.758125
2023-06-07,37.71875,24.21875,0.0,22.9375
2023-06-08,38.9375,24.90625,0.0,22.611875
2023-06-09,40.4875,25.34375,0.00625,22.651875
2023-06-10,40.35,26.9625,0.3625,20.881875
2023-06-11,38.95,27.7,0.0,22.62375
2023-06-12,40.5875,28.5125,0.0125,22.450625
2023-06-13,41.59375,30.05,0.0,22.439375000000002
2023-06-14,40.475,30.51875,0.00625,21.915625
2023-06-15,37.025,29.93125,0.20625000000000002,21.12375
2023-06-16,38.25625,26.4,0.875,20.169375
2023-06-17,38.54375,27.325,0.8375,20.060624999999998
2023-06-18,38.16875,27.65625,2.79375,19.956875
2023-06-19,32.33125,27.4,6.20625,7.130625
2023-06-20,36.7625,26.48125,7.5,19.810624999999998
2023-06-21,35.6875,26.00625,14.61875,14.9825
2023-06-22,36.01875,27.70625,3.7375,16.83
2023-06-23,35.90625,27.41875,2.975,17.38
2023-06-24,34.875,27.5875,8.925,15.50375
2023-06-25,32.06875,25.88125,13.31875,11.623125
2023-06-26,32.94375,24.7625,7.68125,18.48125
2023-06-27,33.78125,24.98125,11.10625,20.729375
2023-06-28,33.96875,25.86875,8.8375,20.839375
2023-06-29,32.375,25.70625,13.3125,16.54875
2023-06-30,33.81875,25.0375,12.19375,20.13125
2023-07-01,33.725,24.84375,1.0125,21.503125
2023-07-02,35.55,25.7625,0.9125000000000001,22.45625
2023-07-03,36.41875,27.06875,2.7,22.339375
2023-07-04,36.49375,26.74375,2.78125,22.64875
2023-07-05,33.4625,25.29375,8.80625,18.719375
2023-07-06,33.13125,25.75625,2.4187499999999997,18.98375
2023-07-07,32.95625,25.275,6.83125,16.00375
2023-07-08,29.65,25.89375,31.36875,8.941875
2023-07-09,31.1625,25.33125,18.65,11.31875
2023-07-10,30.9625,25.66875,31.21875,13.051874999999999
2023-07-11,33.4125,25.30625,5.425,19.44
2023-07-12,33.5,25.79375,5.5875,19.94625
2023-07-13,33.475,25.84375,4.9875,20.280625
2023-07-14,33.5875,25.64375,9.94375,20.359375
2023-07-15,33.50625,26.1625,19.98125,17.634375
2023-07-16,33.16875,25.2875,18.4875,19.933125
2023-07-17,33.3375,26.25625,10.35625,18.593125
2023-07-18,32.0875,25.79375,12.34375,16.126875
2023-07-19,33.175,26.40625,9.04375,17.8475
2023-07-20,35.175,26.98125,16.8375,21.775
2023-07-21,35.575,26.66875,1.81875,21.789375
2023-07-22,34.2875,27.30625,5.89375,18.078125
2023-07-23,34.25,28.368750000000002,2.03125,20.681875
2023-07-24,34.21875,27.325,8.33125,21.44125
2023-07-25,34.3,25.80625,15.44375,17.42375
2023-07-26,29.95625,25.56875,19.49375,8.758125
2023-07-27,32.325,26.10625,9.21875,16.41625
2023-07-28,32.78125,26.3,19.14375,16.7475
2023-07-29,31.5875,24.975,8.76875,16.85125
2023-07-30,33.21875,25.0375,2.10625,21.03875
2023-07-31,33.7375,25.3125,4.78125,22.153125
2023-08-01,34.61875,27.06875,0.35000000000000003,22.175625
2023-08-02,35.08125,27.325,2.03125,21.2425
2023-08-03,34.03125,26.525,9.76875,22.01125
2023-08-04,32.1375,25.91875,14.84375,14.366249999999999
2023-08-05,33.79375,26.225,4.9375,17.913125
2023-08-06,34.94375,26.79375,2.28125,22.448125
2023-08-07,34.25625,27.2,0.325,22.178125
2023-08-08,34.2375,27.0,0.03125,20.565625
2023-08-09,34.66875,27.41875,0.025,20.620625
2023-08-10,34.30625,27.19375,0.7875,19.825625
2023-08-11,34.7625,27.4,0.44375,21.9075
2023-08-12,35.39375,28.29375,0.0,21.41
2023-08-13,35.3875,27.76875,0.51875,21.501875
2023-08-14,33.40625,26.85625,0.05625,16.2275
2023-08-15,34.5125,26.03125,0.06875,20.84625
2023-08-16,35.78125,25.75,0.03125,22.27
2023-08-17,35.975,27.79375,0.0125,22.608125
2023-08-18,35.98125,27.925,0.0625,22.155
2023-08-19,34.45,26.5,6.21875,19.470625
2023-08-20,35.825,27.925,0.19375,22.194375
2023-08-21,36.04375,28.0375,0.63125,21.07875
2023-08-22,35.91875,27.5125,8.625,15.455625
2023-08-23,30.33125,25.85625,14.162500000000001,6.63
2023-08-24,33.43125,25.23125,0.15625,19.4925
2023-08-25,34.2125,25.7875,0.0,19.49625
2023-08-26,34.4375,27.45625,0.0625,21.5125
2023-08-27,35.08125,27.2,0.26875,21.723125
2023-08-28,34.26875,26.30625,1.6125,21.09125
2023-08-29,35.14375,25.475,0.0,21.910625
2023-08-30,36.0,26.6,0.025,22.050625
2023-08-31,36.15625,25.18125,0.0125,21.64
2023-09-01,37.0375,26.3625,0.04375,22.009999999999998
2023-09-02,37.01875,26.9,0.0,22.771875
2023-09-03,36.46875,25.9375,0.0,22.855
2023-09-04,36.8375,25.05,0.0,22.899375
2023-09-05,35.7125,26.2125,6.54375,19.350625
2023-09-06,35.5875,24.6375,5.11875,21.6175
2023-09-07,37.3875,26.66875,0.10625,20.776875
2023-09-08,35.7875,25.25625,1.0375,20.864375
2023-09-09,32.4125,25.54375,3.325,14.930625000000001
2023-09-10,30.11875,24.31875,29.45625,12.085
2023-09-11,32.675,24.09375,1.23125,19.983125
2023-09-12,33.875,24.50625,0.03125,20.485625
2023-09-13,33.775,26.45625,5.1312500000000005,18.64
2023-09-14,34.10625,26.4,9.84375,17.43875
2023-09-15,31.95625,25.6,14.625,11.84375
2023-09-16,31.9875,26.31875,11.575,14.959375
2023-09-17,31.2125,25.39375,8.64375,14.05
2023-09-18,31.6875,24.90625,1.7437500000000001,18.4975
2023-09-19,33.15,24.7375,0.36875,19.779375
2023-09-20,33.05625,25.5625,0.9625,18.580625
2023-09-21,33.31875,25.88125,3.625,18.7825
2023-09-22,33.45625,25.425,0.51875,19.048125
2023-09-23,32.84375,25.6625,2.2375,18.300625
2023-09-24,32.90625,24.28125,2.275,18.275625
2023-09-25,33.0125,24.65625,0.11875000000000001,19.0625
2023-09-26,33.25,24.81875,0.13125,18.74375
2023-09-27,33.39375,23.39375,0.0,20.390625
2023-09-28,33.20625,20.33125,0.0,20.615000000000002
2023-09-29,33.4875,20.256249999999998,0.0,20.38625
2023-09-30,34.69375,22.25625,0.0,20.015
2023-10-01,34.48125,21.3875,0.0,20.035
2023-10-02,33.625,20.15625,0.0,20.09875
2023-10-03,33.58125,19.80625,0.0,20.11625
2023-10-04,33.66875,19.13125,0.0,19.796875
2023-10-05,33.9125,19.4875,0.0,19.769375
2023-10-06,34.9375,19.05625,0.0,19.44125
2023-10-07,34.78125,20.9375,0.0,18.748125
2023-10-08,35.125,23.55,0.0,18.5125
2023-10-09,35.21875,24.09375,0.0,17.746875
2023-10-10,33.5875,23.25625,0.625,16.91625
2023-10-11,33.29375,21.03125,0.0,18.6225
2023-10-12,32.90625,18.25625,0.0,18.481875
2023-10-13,34.325,20.0,0.0,17.820625
2023-10-14,34.7375,21.41875,0.00625,16.743125
2023-10-15,33.1625,21.15,0.14375000000000002,16.9075
2023-10-16,29.2875,20.025,5.43125,13.1425
2023-10-17,28.34375,18.35,2.5125,13.530625
2023-10-18,28.85,17.1,0.0,17.126875
2023-10-19,28.45,16.9,0.0,17.186875
2023-10-20,28.99375,16.51875,0.0,17.1125
2023-10-21,29.55,16.6125,0.0,16.895
2023-10-22,30.1375,17.01875,0.0,16.295625
2023-10-23,29.6,17.44375,0.0,16.361250000000002
2023-10-24,30.28125,17.14375,0.0,16.27375
2023-10-25,30.35,16.98125,0.0,16.344375
2023-10-26,30.3375,16.65625,0.0,16.431875
2023-10-27,30.325,15.5875,0.0,16.539375
2023-10-28,29.7875,17.64375,0.0,14.083124999999999
2023-10-29,31.09375,17.3375,0.0,15.558125
2023-10-30,31.3375,17.78125,0.0,15.24625
2023-10-31,30.73125,18.1625,0.0,15.182500000000001
2023-11-01,30.2625,18.5125,0.0,15.14375
2023-11-02,30.26875,17.89375,0.0,14.784375
2023-11-03,28.55625,17.25,0.5125,14.06375
2023-11-04,29.59375,15.39375,0.0625,14.585625
2023-11-05,29.5625,16.16875,0.0,15.0525
2023-11-06,29.26875,15.38125,0.0,14.89875
2023-11-07,29.89375,15.85,0.0,14.46875
2023-11-08,29.45,16.175,0.00625,14.34375
2023-11-09,29.412499999999998,16.24375,0.0,14.008125
2023-11-10,26.1125,16.0,5.19375,10.741875
2023-11-11,25.23125,14.78125,0.0,13.899375000000001
2023-11-12,25.15,13.7125,0.0,14.11125
2023-11-13,25.46875,12.80625,0.0,13.879375
2023-11-14,25.1875,14.2875,0.0,11.89125
2023-11-15,25.6,12.54375,0.0,13.897499999999999
2023-11-16,25.875,12.95,0.0,13.574375
2023-11-17,26.61875,14.08125,0.0,13.101875
2023-11-18,25.9375,14.04375,0.0,13.103125
2023-11-19,25.58125,13.95625,0.0,12.7375
2023-11-20,25.4,13.14375,0.0,13.209999999999999
2023-11-21,25.13125,13.05625,0.0,13.21125
2023-11-22,24.7875,12.8375,0.0,13.355625
2023-11-23,24.39375,11.24375,0.0,13.246875
2023-11-24,24.9125,12.8375,0.0,13.0125
2023-11-25,24.9,11.5375,0.0,12.855625
2023-11-26,24.962500000000002,13.375,0.0,10.613125
2023-11-27,23.85,15.16875,1.9625,6.629375
2023-11-28,21.0125,14.45,2.4125,6.543125
2023-11-29,24.3125,13.625,0.3375,11.34875
2023-11-30,21.35,13.925,2.76875,9.3475
2023-12-01,23.96875,14.05625,0.7375,11.275
2023-12-02,24.15625,13.375,0.00625,11.835
2023-12-03,24.2625,11.95625,1.50625,12.154375
2023-12-04,22.81875,13.18125,0.06875,10.75375
2023-12-05,22.9625,11.11875,0.0,12.333125
2023-12-06,23.2875,11.16875,0.0,12.478125
2023-12-07,23.8,11.08125,0.0,12.150625
2023-12-08,23.60625,10.65625,0.0,12.351875
2023-12-09,23.2375,9.8125,0.0,12.45875
2023-12-10,22.30625,10.44375,0.0,12.508750000000001
2023-12-11,21.9125,8.2625,0.0,12.31875
2023-12-12,22.4,8.86875,0.0,12.083125
2023-12-13,22.6625,9.24375,0.0,12.14625
2023-12-14,21.93125,9.2,0.0,12.314375
2023-12-15,21.6625,7.0875,0.0,12.235625
2023-12-16,22.14375,7.9125,0.0,12.075
2023-12-17,22.35,8.35,0.0,12.08
2023-12-18,21.2625,8.85,0.0,12.308125
2023-12-19,21.325,8.43125,0.0,12.50625
2023-12-20,20.33125,7.25,0.0,11.761875
2023-12-21,21.2875,7.7875,0.0,12.005
2023-12-22,20.9625,6.88125,0.0,12.193125
2023-12-23,21.5875,10.125,0.20625,11.928749999999999
2023-12-24,22.51875,9.18125,0.0,11.93375
2023-12-25,22.7,10.04375,0.0,12.150625
2023-12-26,22.3,8.96875,0.0,11.426875
2023-12-27,21.55625,7.89375,0.0,12.18625
2023-12-28,20.6125,8.9125,0.0,11.6875
2023-12-29,19.36875,7.825,0.0,10.0475
2023-12-30,18.34375,8.45625,0.0,8.9975
2023-12-31,18.15625,7.49375,0.0,11.44
2024-01-01,16.06875,5.56875,0.0,10.686875
2024-01-02,14.74375,4.44375,0.0,10.7025
2024-01-03,15.59375,4.375,0.0,9.73
2024-01-04,17.33125,4.80625,0.0,10.680625000000001
2024-01-05,17.1,7.76875,0.07500000000000001,7.9418750000000005
2024-01-06,16.96875,6.13125,0.0,9.541875
2024-01-07,17.21875,6.24375,0.0,12.701875
2024-01-08,18.11875,5.98125,0.0,12.32
2024-01-09,18.0125,6.0625,0.0,12.2675
2024-01-10,15.86875,4.35625,0.0,13.024375
2024-01-11,15.375,5.0125,0.0,11.1425
2024-01-12,17.43125,5.4125,0.0,12.395624999999999
2024-01-13,17.53125,4.9375,0.0,10.08125
2024-01-14,17.61875,4.3,0.0,11.990625
2024-01-15,15.9,4.34375,0.0,12.315
2024-01-16,17.0375,3.46875,0.0,12.0975
2024-01-17,17.6375,3.96875,0.0,13.795
2024-01-18,17.30625,4.95625,0.0,11.5275
2024-01-19,16.35625,5.64375,0.0,10.82125
2024-01-20,15.8375,4.66875,0.0,12.049375
2024-01-21,15.975,4.9625,0.0,11.875
2024-01-22,16.0625,4.50625,0.0,12.301875
2024-01-23,17.3875,4.46875,0.0,12.665625
2024-01-24,18.0,6.51875,0.00625,13.440625
2024-01-25,16.96875,5.3125,0.0,12.223125
2024-01-26,18.18125,5.375,0.0,13.395625
2024-01-27,20.36875,6.4,0.0,14.63875
2024-01-28,20.0875,7.4125,0.0,11.52
2024-01-29,21.025,9.14375,0.0,14.308125
2024-01-30,20.23125,9.38125,0.0,12.845625
2024-01-31,19.9625,9.6375,11.48125,9.059375
2024-02-01,20.89375,11.96875,8.5625,11.230625
2024-02-02,19.15625,8.78125,0.0,14.360625
2024-02-03,20.43125,7.5875,0.0,13.268125
2024-02-04,20.55,12.26875,6.9125,9.56375
2024-02-05,19.75,9.90625,5.025,14.355
2024-02-06,18.55,7.0625,0.0,16.339375
2024-02-07,18.13125,7.39375,0.0,15.78375
2024-02-08,18.962500000000002,8.0875,0.0,16.614375
2024-02-09,20.33125,7.78125,0.0,16.81
2024-02-10,19.7,6.7625,0.0,15.655
2024-02-11,21.2875,7.84375,0.0,16.857499999999998
2024-02-12,21.2375,7.550000000000001,0.0,14.97125
2024-02-13,20.88125,8.68125,0.0,14.04375
2024-02-14,22.35,9.40625,0.0,17.00625
2024-02-15,23.25,9.08125,0.0,17.38875
2024-02-16,23.900000000000002,7.96875,0.0,17.861875
2024-02-17,24.05,8.6,0.0,17.969375
2024-02-18,26.275,9.3875,0.0,17.331875
2024-02-19,26.33125,14.44375,0.24375,17.06875
2024-02-20,26.6,14.86875,0.3375,16.944375
2024-02-21,25.21875,11.85625,0.1125,18.318125
2024-02-22,23.225,10.75,0.0125,18.236875
2024-02-23,22.14375,8.5125,0.0,18.87375
2024-02-24,22.51875,8.68125,0.2,16.77625
2024-02-25,24.125,9.15,0.0,18.12125
2024-02-26,23.875,10.875,0.0,14.593125
2024-02-27,23.51875,12.95625,0.49375,15.6375
2024-02-28,23.48125,10.88125,0.0,19.2325
2024-02-29,25.55,11.4125,0.0,19.570625
2024-03-01,25.91875,12.65,0.8625,14.34625
2024-03-02,24.4875,17.3875,15.4625,12.798125
2024-03-03,22.1625,12.30625,5.19375,19.420625
2024-03-04,21.36875,10.58125,0.0,20.38625
2024-03-05,20.66875,8.50625,0.0,20.501875
2024-03-06,20.93125,8.75,0.08125,17.43
2024-03-07,23.775,9.53125,0.0,19.95625
2024-03-08,24.86875,10.74375,0.0,20.6825
2024-03-09,24.75625,11.34375,0.0,21.124375
2024-03-10,26.00625,11.09375,0.0,20.150624999999998
2024-03-11,28.575,14.4875,0.0375,20.46375
2024-03-12,28.5625,13.76875,0.0,20.7575
2024-03-13,28.4375,12.99375,0.16875,19.415
2024-03-14,28.275,13.85,0.0,20.81875
2024-03-15,26.6875,13.8,0.0,22.04375
2024-03-16,26.88125,11.8625,0.0,21.708750000000002
2024-03-17,28.01875,11.63125,0.0,21.16625
2024-03-18,27.85625,12.29375,0.0,22.385625
2024-03-19,28.99375,12.83125,0.0,21.904375
2024-03-20,31.0875,13.31875,0.0,22.345625
2024-03-21,28.45625,16.5,0.0,21.56
2024-03-22,31.2,17.3625,0.0,21.88375
2024-03-23,32.9125,17.49375,0.0,22.38125
2024-03-24,30.1,17.45,0.18125000000000002,16.535
2024-03-25,31.91875,16.3875,0.0,22.423750000000002
2024-03-26,32.81875,17.6,0.0,18.690625
2024-03-27,34.73125,20.0125,0.0,20.290625
2024-03-28,35.5875,20.8875,0.0,20.94875
2024-03-29,35.0,19.88125,0.3625,20.113125
2024-03-30,33.9,22.025,0.03125,21.23875
2024-03-31,33.625,19.025,0.0,22.366875
2024-04-01,30.88125,18.05,0.0,21.2975
2024-04-02,32.38125,16.33125,0.0,22.966250000000002
2024-04-03,34.38125,18.94375,0.0,21.2725
2024-04-04,35.65,20.175,0.0,22.74
2024-04-05,35.05625,19.84375,0.0,18.500625
2024-04-06,34.262499999999996,18.65,0.0,23.965
2024-04-07,34.70625,16.7625,0.0,24.509375
2024-04-08,35.91875,17.6,0.0,24.024375
2024-04-09,36.85625,18.5375,0.0,22.80875
2024-04-10,37.01875,19.74375,0.0,22.984375
2024-04-11,37.375,20.31875,0.0,23.47
2024-04-12,37.63125,21.36875,0.0,23.225625
2024-04-13,37.89375,23.43125,1.01875,20.94625
2024-04-14,33.2125,22.61875,0.775,14.0025
2024-04-15,36.3,21.74375,0.7749999999999999,18.710625
2024-04-16,35.2375,22.96875,0.0,23.514375
2024-04-17,34.94375,21.76875,0.0,24.38375
2024-04-18,37.30625,23.09375,0.0125,23.140625
2024-04-19,37.71875,24.175,0.03125,21.975
2024-04-20,36.075,21.525,0.0,22.3
2024-04-21,36.175,23.1125,0.0,20.9025
2024-04-22,36.75,23.6,0.1,22.376875
2024-04-23,37.375,22.125,0.0,23.449375
2024-04-24,36.775,20.36875,0.0,24.33
2024-04-25,37.85625,20.78125,0.0,24.65125
2024-04-26,39.025,22.36875,0.00625,22.943125
2024-04-27,37.84375,25.61875,0.0,23.365625
2024-04-28,37.2125,22.61875,0.0,22.425
2024-04-29,37.63125,22.85625,0.0,23.359375
2024-04-30,35.90625,22.38125,0.0,25.131875
2024-05-01,32.4125,20.287499999999998,0.0,25.1275
2024-05-02,34.88125,18.83125,0.0,24.908125
2024-05-03,37.8375,19.95625,0.0,23.95625
2024-05-04,40.28125,26.20625,0.0,23.129375
2024-05-05,40.6625,24.16875,0.0,24.365
2024-05-06,40.24375,25.25,0.0,23.468125
2024-05-07,41.21875,25.55625,0.00625,22.429375
2024-05-08,39.25625,26.40625,0.0,22.035625
2024-05-09,39.01875,26.21875,0.00625,23.233125
2024-05-10,39.26875,25.81875,0.475,22.19375
2024-05-11,38.55,25.425,0.5875,20.392500000000002
2024-05-12,38.0875,25.79375,0.025,21.12375
2024-05-13,40.0,25.6625,0.00625,20.86625
2024-05-14,40.49375,23.64375,0.0,24.01375
2024-05-15,41.8375,24.09375,0.0,24.1925
2024-05-16,42.4875,24.89375,0.0,24.11625
2024-05-17,43.725,25.94375,0.0,23.670625
2024-05-18,43.9375,26.69375,0.0,23.4975
2024-05-19,44.5625,27.34375,0.0,23.82125
2024-05-20,43.6375,27.7875,0.0,22.985625
2024-05-21,42.3625,27.66875,0.0,23.285
2024-05-22,41.50625,29.24375,0.09375,22.20375
2024-05-23,41.48125,30.35625,0.0,21.4525
2024-05-24,40.69375,30.2875,0.0,22.1975
2024-05-25,44.15625,29.6625,0.0,22.3675
2024-05-26,45.6375,28.0875,0.0,24.391875
2024-05-27,45.6125,28.84375,0.0,24.366875
2024-05-28,45.625,28.26875,0.0,24.968125
2024-05-29,45.98125,30.425,0.0,22.72125
2024-05-30,45.8875,32.1875,0.0,24.159375
2024-05-31,45.60625,28.38125,0.0,24.208125
2024-06-01,43.975,30.7375,0.0625,17.453125
2024-06-02,41.23125,30.2875,0.025,21.348125
2024-06-03,44.15625,29.33125,0.0,23.243125
2024-06-04,43.20625,30.225,0.0,22.37
2024-06-05,41.49375,29.99375,0.075,20.9975
2024-06-06,40.88125,27.875,0.0,22.76875
2024-06-07,42.26875,28.75,0.05,23.043125
2024-06-08,40.3625,27.9125,0.0,21.8675
2024-06-09,42.05625,28.1375,0.0,24.17
2024-06-10,42.79375,27.84375,0.0,23.834375
2024-06-11,43.11875,28.19375,0.0,23.486875
2024-06-12,44.1875,27.75,0.0,24.16375
2024-06-13,44.68125,29.86875,0.0,23.643125
2024-06-14,43.3875,32.9875,0.0,21.588125
2024-06-15,43.38125,32.28125,0.0,22.564375
2024-06-16,44.04375,32.80625,0.0,22.75
2024-06-17,44.15,33.925,0.0,22.51875
2024-06-18,44.15625,34.65,0.0,22.38625
2024-06-19,41.65,33.0625,0.59375,19.4275
2024-06-20,38.9,26.2,3.05625,19.404375
2024-06-21,38.4,25.26875,2.7625,19.669375
2024-06-22,38.55625,29.8375,0.018750000000000003,16.685
2024-06-23,39.48125,30.08125,0.49375,21.088124999999998
2024-06-24,39.41875,31.025,0.525,18.936875
2024-06-25,36.83125,29.84375,3.23125,15.945625
2024-06-26,34.43125,27.0875,21.20625,13.5425
2024-06-27,30.7875,25.95,10.38125,10.06625
2024-06-28,31.25625,25.99375,13.768749999999999,10.8775
2024-06-29,33.325,26.59375,13.64375,15.7025
2024-06-30,34.80625,26.75,10.8375,20.276875
2024-07-01,34.84375,25.76875,15.9,17.47875
2024-07-02,33.7125,26.31875,16.68125,12.05
2024-07-03,33.9125,26.1,9.01875,13.56875
2024-07-04,31.775,25.55625,12.775,12.5075
2024-07-05,30.81875,26.26875,2.4,12.28875
2024-07-06,33.3125,25.99375,1.08125,18.11375
2024-07-07,33.36875,25.625,0.075,20.246875
2024-07-08,33.21875,25.48125,1.375,19.724375000000002
2024-07-09,32.84375,26.2875,6.94375,18.484375
2024-07-10,34.0625,26.575,8.6125,19.53375
2024-07-11,36.6,26.8625,2.1875,21.75875
2024-07-12,36.0125,27.00625,10.05,19.574375
2024-07-13,33.975,25.78125,4.55625,21.010625
2024-07-14,34.90625,26.95625,0.4375,21.7725
2024-07-15,33.5625,25.325,4.58125,18.85
2024-07-16,34.5125,25.8875,19.8875,21.276875
2024-07-17,34.78125,28.025,0.1875,21.288125
2024-07-18,35.13125,27.6875,2.9625,20.751875000000002
2024-07-19,34.71875,27.31875,0.55,20.715
2024-07-20,35.2375,27.25625,0.1625,21.726875
2024-07-21,34.88125,27.9375,1.90625,20.836875
2024-07-22,34.98125,27.89375,2.85625,19.19875
2024-07-23,34.91875,27.275,3.2937499999999997,20.4675
2024-07-24,34.11875,26.5625,12.09375,16.473125
2024-07-25,34.7,26.99375,0.925,20.63625
2024-07-26,32.91875,27.48125,7.9875,12.04625
2024-07-27,34.0125,27.675,3.375,15.298125
2024-07-28,35.20625,28.6,3.425,19.555625
2024-07-29,35.6625,28.48125,0.2,19.964375
2024-07-30,36.5875,29.20625,0.07500000000000001,20.388125000000002
2024-07-31,36.9,27.1375,74.50625,19.698125
2024-08-01,31.39375,25.66875,38.79375,13.59625
2024-08-02,32.49375,25.8375,3.18125,17.59625
2024-08-03,32.54375,26.15625,2.075,16.93125
2024-08-04,33.59375,26.74375,0.34375,21.013125
2024-08-05,32.6375,26.7125,1.06875,19.2225
2024-08-06,31.91875,26.53125,0.225,15.901875
2024-08-07,30.24375,26.1625,12.4875,9.73625
2024-08-08,31.725,25.6625,23.29375,15.966875
2024-08-09,31.85,25.3375,24.6625,17.503125
2024-08-10,31.51875,25.0375,15.375,15.4675
2024-08-11,31.10625,25.36875,14.2375,13.0125
2024-08-12,30.03125,25.44375,15.05625,10.786875
2024-08-13,30.81875,25.475,8.91875,13.399375000000001
2024-08-14,30.3625,25.80625,8.85625,12.638125
2024-08-15,32.30625,26.0375,12.73125,18.124375
2024-08-16,32.1875,25.45,12.0,16.5675
2024-08-17,32.0375,25.6375,4.98125,17.059375
2024-08-18,32.88125,26.1375,2.34375,19.31
2024-08-19,32.706250000000004,26.2875,3.25625,20.03875
2024-08-20,31.8125,26.025,11.625,16.064375000000002
2024-08-21,32.1875,25.0875,5.90625,19.99125
2024-08-22,32.93125,24.73125,5.66875,21.0275
2024-08-23,31.14375,24.9125,4.00625,14.1525
2024-08-24,31.74375,25.41875,6.575,16.168125
2024-08-25,32.65625,25.0375,14.45625,20.918125
2024-08-26,31.956249999999997,26.23125,3.19375,19.24375
2024-08-27,31.525,24.66875,10.26875,18.796875
2024-08-28,30.78125,24.325,7.61875,17.3325
2024-08-29,31.1625,24.31875,26.587500000000002,13.09125
2024-08-30,31.4375,25.05625,3.0125,16.9875
2024-08-31,33.43125,25.53125,0.05,21.475625
2024-09-01,33.61875,25.81875,0.21875,20.873125
2024-09-02,31.51875,24.925,8.1375,13.4625
2024-09-03,31.7625,25.3625,20.45,16.400625
2024-09-04,30.90625,24.48125,1.7125,15.92375
2024-09-05,31.5375,24.6,3.49375,19.3425
2024-09-06,30.70625,24.36875,11.625,14.968125
2024-09-07,30.50625,24.3375,14.9125,13.346875
2024-09-08,31.3875,24.9625,9.981250000000001,16.935625
2024-09-09,32.8125,25.4,4.14375,20.08375
2024-09-10,31.06875,24.81875,21.51875,14.62625
2024-09-11,31.74375,25.0375,23.1875,15.8075
2024-09-12,27.5125,24.075,85.9125,5.855
2024-09-13,30.85625,23.44375,37.23125,13.1975
2024-09-14,29.7125,23.04375,6.14375,16.7125
2024-09-15,31.36875,22.46875,0.25,20.46
2024-09-16,32.26875,23.675,0.0,21.00125
2024-09-17,31.63125,23.275,0.0875,16.61875
2024-09-18,28.55625,22.9625,33.74375,9.22375
2024-09-19,30.075,22.88125,4.95,15.545
2024-09-20,31.4,23.8375,0.07500000000000001,18.71375
2024-09-21,31.7125,24.68125,0.29375,16.230625
2024-09-22,33.26875,25.45625,0.0,19.04625
2024-09-23,33.59375,24.86875,0.0,20.086875
2024-09-24,33.69375,25.03125,0.0,19.6675
2024-09-25,33.175,26.26875,1.11875,17.9675
2024-09-26,31.34375,25.35625,0.7875000000000001,14.945625
2024-09-27,31.087500000000002,24.90625,0.5875,17.610625
2024-09-28,30.5375,23.05,0.037500000000000006,14.14875
2024-09-29,30.86875,22.76875,0.19375,14.741875
2024-09-30,32.7375,23.4,0.0,18.145
2024-10-01,33.49375,23.55625,0.0,19.3625
2024-10-02,34.9125,24.2,0.0,19.513125
2024-10-03,34.1625,24.175,0.0,19.559375
2024-10-04,33.78125,23.15625,0.0,19.146875
2024-10-05,33.69375,23.5875,0.04375,18.10875
2024-10-06,33.5625,23.3125,0.056249999999999994,18.365000000000002
2024-10-07,32.5375,21.8,0.0,18.55125
2024-10-08,32.475,21.7,0.00625,18.076249999999998
2024-10-09,32.2875,20.65625,0.0,18.255
2024-10-10,32.4,21.50625,0.0125,18.276875
2024-10-11,31.625,18.75625,0.0,18.476875
2024-10-12,31.9,18.5875,0.0,18.313125
2024-10-13,31.9375,19.5875,0.0,17.82875
2024-10-14,31.68125,19.9875,0.0,17.826875
2024-10-15,31.89375,18.74375,0.0,17.728125
2024-10-16,32.3125,18.3875,0.024999999999999998,16.226875
2024-10-17,32.63125,20.2375,0.0,16.96625
2024-10-18,33.1125,19.95625,0.0,17.139375
2024-10-19,33.21875,20.50625,0.0,16.99875
2024-10-20,32.80625,20.35625,0.03125,16.549375
2024-10-21,31.71875,20.2,0.0,16.545
2024-10-22,31.13125,19.91875,0.0,16.4275
2024-10-23,31.88125,19.69375,0.0,16.09
2024-10-24,32.2375,19.975,0.0,16.39125
2024-10-25,31.95,18.68125,0.0,16.318125000000002
2024-10-26,31.325,18.58125,0.0,16.125625
2024-10-27,31.075,19.61875,0.0,15.810625
2024-10-28,31.44375,20.3375,0.0,15.65125
2024-10-29,32.78125,20.41875,0.0,15.47625
2024-10-30,33.68125,20.86875,0.0,15.450625
2024-10-31,32.6125,20.43125,0.0,15.300625
2024-11-01,31.9,19.05,0.0,15.671875
2024-11-02,31.55,17.53125,0.0,15.155
2024-11-03,30.75625,17.79375,0.0,15.21875
2024-11-04,30.0625,16.73125,0.0,14.946250000000001
2024-11-05,29.125,17.85625,0.0,14.5475
2024-11-06,29.81875,17.8125,0.0,14.433125
2024-11-07,29.76875,18.53125,0.0,14.2525
2024-11-08,29.93125,18.375,0.0,14.14
2024-11-09,30.375,19.0625,0.0,13.88
2024-11-10,29.7875,18.93125,0.0,13.945
2024-11-11,29.4625,18.48125,0.0,13.730625
2024-11-12,30.68125,18.625,0.0,13.951875
2024-11-13,29.193749999999998,17.0125,0.0,13.995
2024-11-14,28.875,16.2125,0.0,13.475
2024-11-15,28.4125,16.2125,0.0,13.60375
2024-11-16,28.09375,16.09375,0.0,13.3475
2024-11-17,27.49375,15.86875,0.0,13.075625
2024-11-18,25.55625,14.3875,0.0,13.471875
2024-11-19,25.2625,12.35625,0.0,13.538125
2024-11-20,25.2625,11.83125,0.0,13.5725
2024-11-21,25.075,11.5,0.0,13.43625
2024-11-22,25.45625,12.0375,0.0,13.1325
2024-11-23,26.5125,12.44375,0.0,12.995000000000001
2024-11-24,26.84375,13.9125,0.0,12.995625
2024-11-25,25.15625,13.8,0.0,12.9975
2024-11-26,24.85,12.33125,0.0,12.9725
2024-11-27,24.98125,11.95625,0.0,12.986875
2024-11-28,24.33125,10.74375,0.0,13.03125
2024-11-29,23.45625,10.25,0.0,12.67
2024-11-30,23.9625,10.7875,0.0,12.540625
2024-12-01,24.025,12.3,0.0,12.37125
2024-12-02,24.73125,11.76875,0.0,12.519375
2024-12-03,25.425,12.325,0.0,12.41625
2024-12-04,24.75625,13.9125,0.0,12.49125
2024-12-05,22.9625,10.30625,0.0,12.905
2024-12-06,22.89375,9.612499999999999,0.0,12.65375
2024-12-07,21.96875,8.2125,0.0,12.775625
2024-12-08,21.60625,9.68125,0.95,11.70875
2024-12-09,19.3625,8.78125,0.00625,12.231875
2024-12-10,19.69375,8.55625,0.0,12.69
2024-12-11,19.6375,6.99375,0.0,12.7875
2024-12-12,19.83125,6.15625,0.0,12.69375
2024-12-13,19.8375,7.9875,0.0,12.824375
2024-12-14,19.96875,7.3812500000000005,0.0,12.67375
2024-12-15,19.75625,5.63125,0.0,12.708124999999999
2024-12-16,19.775,5.33125,0.0,12.244375
2024-12-17,19.63125,5.9875,0.0,11.376875
2024-12-18,19.95625,6.13125,0.0,12.355
2024-12-19,20.1375,5.9875,0.0,12.3425
2024-12-20,21.85625,8.54375,0.0,12.053749999999999
2024-12-21,21.2875,7.6,0.0,12.24375
2024-12-22,21.35625,8.2625,0.0,12.279375
2024-12-23,17.3625,10.5375,2.35,5.30125
2024-12-24,18.95,10.38125,6.050000000000001,9.075625
2024-12-25,20.2625,9.50625,0.0,11.849375
2024-12-26,21.75625,8.44375,0.0,12.095625
2024-12-27,16.43125,12.79375,39.09375,3.658125
2024-12-28,18.55,11.9375,4.40625,6.229375
2024-12-29,18.525,10.0875,0.0,11.15125
2024-12-30,18.45,8.40625,0.0,11.16625
2024-12-31,16.29375,6.70625,0.0,10.200625
2025-01-01,16.9375,6.56875,0.0,10.996875
2025-01-02,18.55625,7.5125,0.0,12.205
2025-01-03,19.825,7.2125,0.0,11.061875
2025-01-04,20.99375,7.09375,0.0,11.334375
2025-01-05,18.39375,8.58125,0.0,11.396875
2025-01-06,18.1,8.675,3.09375,11.238125
2025-01-07,17.75,9.8,0.0,9.285625
2025-01-08,18.5375,8.05,0.0,13.09
2025-01-09,18.725,5.79375,0.0,12.92125
2025-01-10,18.037499999999998,6.5125,0.0,12.4775
2025-01-11,16.56875,7.58125,4.9625,8.373125
2025-01-12,17.68125,9.48125,1.0875,10.07625
2025-01-13,19.13125,8.575,0.0,12.989374999999999
2025-01-14,18.3875,7.8687499999999995,0.0,13.445625
2025-01-15,18.475,7.59375,1.24375,11.475
2025-01-16,18.31875,10.1625,1.93125,10.209375
2025-01-17,18.93125,8.65,0.0,13.901875
2025-01-18,17.79375,6.83125,0.0,11.499375
2025-01-19,21.375,7.6375,0.0,12.04125
2025-01-20,22.06875,10.94375,0.0,13.56375
2025-01-21,21.8,10.3,0.0,14.036875
2025-01-22,22.54375,9.01875,0.0,13.746875
2025-01-23,21.84375,10.862499999999999,1.6375,14.310625
2025-01-24,20.7375,9.44375,0.0,14.779375
2025-01-25,20.35,8.41875,0.0,15.17375
2025-01-26,20.375,7.05,0.0,15.35625
2025-01-27,20.35,6.2875000000000005,0.0,15.411875
2025-01-28,21.0875,6.525,0.0,15.5275
2025-01-29,22.35625,8.50625,0.0,15.165
2025-01-30,23.14375,10.15,0.0,15.058125
2025-01-31,24.1125,10.4375,0.0,14.089375
2025-02-01,23.9875,10.98125,0.28125,14.581875
2025-02-02,22.625,12.325,0.00625,15.32
2025-02-03,21.69375,9.4125,0.26875,15.919375
2025-02-04,21.8125,12.0125,1.3875,10.6325
2025-02-05,20.725,10.85,0.675,16.2825
2025-02-06,20.4,9.71875,0.0,16.669375000000002
2025-02-07,20.0625,9.55625,0.0,16.6475
2025-02-08,22.05,10.0875,0.0,16.411875
2025-02-09,23.475,9.13125,0.0,16.518125
2025-02-10,24.86875,9.6375,0.0,15.954375
2025-02-11,25.81875,10.5,0.0,16.324375
2025-02-12,23.65625,11.98125,0.0,17.258125
2025-02-13,22.4625,12.025,0.0,17.560625
2025-02-14,23.01875,10.69375,0.0,17.255625
2025-02-15,24.0,11.41875,0.0,16.833750000000002
2025-02-16,24.9,10.93125,0.0,16.149375
2025-02-17,26.1,13.15,0.09375,17.096875
2025-02-18,25.00625,14.21875,0.037500000000000006,13.3675
2025-02-19,25.675,11.95,0.20625,16.409375
2025-02-20,23.0875,14.60625,8.525,14.669375
2025-02-21,23.79375,12.8875,0.17500000000000002,17.2425
2025-02-22,22.68125,12.5375,0.0,17.276875
2025-02-23,23.775,11.75,0.0,18.54
2025-02-24,25.09375,11.23125,0.0,18.76375
2025-02-25,25.95625,12.45,0.0,17.131875
2025-02-26,28.33125,15.9375,0.00625,16.9875
2025-02-27,22.70625,17.55625,2.3625,6.568125
2025-02-28,23.1,17.25,5.98125,10.833125
2025-03-01,24.00625,14.925,7.58125,15.179375
2025-03-02,24.2,13.86875,0.0,19.9725
2025-03-03,26.19375,11.3625,0.0,18.92375
2025-03-04,24.1125,13.95,0.07500000000000001,18.5675
2025-03-05,22.175,11.94375,0.0,20.78625
2025-03-06,25.53125,11.99375,0.0,20.805
2025-03-07,26.93125,10.325,0.0,20.590625
2025-03-08,28.425,12.5,0.0,20.851875
2025-03-09,30.2375,14.3875,0.0,20.459375
2025-03-10,30.49375,17.275,0.0,19.984375
2025-03-11,31.91875,16.975,0.0,18.781875
2025-03-12,31.0125,17.5625,0.0,20.07625
2025-03-13,30.60625,18.1375,3.1125,18.518125
2025-03-14,32.425,17.2375,0.225,19.8125
2025-03-15,30.04375,17.64375,0.2125,19.54375
2025-03-16,28.3875,16.7625,0.13125,20.5475
2025-03-17,26.9375,15.0625,0.0,20.680625
2025-03-18,28.25625,14.89375,0.0,22.059375
2025-03-19,30.162499999999998,15.1125,0.0,21.88375
2025-03-20,30.85625,16.08125,0.0,21.66125
2025-03-21,30.51875,16.818749999999998,0.0,21.93625
2025-03-22,30.20625,15.625,0.043750000000000004,20.947499999999998
2025-03-23,31.125,15.54375,0.0,22.623125
2025-03-24,32.5375,16.1375,0.0,22.549375
2025-03-25,34.4375,18.1875,0.0,22.59
2025-03-26,36.35625,19.09375,0.0,22.721875
2025-03-27,35.0125,19.93125,0.0,22.533125
2025-03-28,30.125,19.80625,0.0,23.78125
2025-03-29,28.38125,14.85,0.0,21.394375
2025-03-30,30.7375,15.4625,0.0,23.738125
2025-03-31,32.96875,15.125,0.0,23.94
2025-04-01,32.725,17.06875,0.0,24.140625
2025-04-02,34.575,16.0625,0.0,23.935
2025-04-03,36.31875,17.65625,0.0,22.675
2025-04-04,36.09375,19.675,0.0,23.691875
2025-04-05,34.54375,19.59375,0.0,23.883125
2025-04-06,37.1875,19.40625,0.0,23.905
2025-04-07,38.99375,21.8375,0.0,23.56875
2025-04-08,39.46875,23.6125,0.0,23.475625
2025-04-09,39.94375,24.6125,0.0,22.176875
2025-04-10,38.08125,23.55,0.3375,19.7275
2025-04-11,34.78125,21.9625,9.34375,20.888125000000002
2025-04-12,34.2625,19.575,0.4375,22.30875
2025-04-13,35.293749999999996,20.2375,0.0,23.38125
2025-04-14,35.20625,21.7,0.0,23.728125
2025-04-15,36.1375,23.50625,0.018750000000000003,22.65375
2025-04-16,37.35,24.425,0.0,22.72
2025-04-17,39.96875,24.325,0.0,22.434375
2025-04-18,39.7375,24.0125,0.018750000000000003,23.5625
2025-04-19,39.35625,26.50625,0.03125,22.808125
2025-04-20,38.7125,26.2125,0.03125,22.526875
2025-04-21,39.625,24.125,0.0,24.245
2025-04-22,38.575,21.825,0.0,25.4525
2025-04-23,38.5125,21.35625,0.0,25.384375
2025-04-24,39.625,21.4,0.0,25.259375
2025-04-25,40.3125,22.875,0.0,24.99
2025-04-26,40.6875,23.125,0.0,22.146875
2025-04-27,39.86875,26.225,0.0,23.919999999999998
2025-04-28,40.1625,23.01875,0.0,23.680625
2025-04-29,37.16875,24.33125,0.037500000000000006,23.83
2025-04-30,36.75,25.56875,0.21875,21.57625
2025-05-01,37.0125,25.575,0.0625,20.593125
2025-05-02,29.7375,21.9,12.4,14.46125
2025-05-03,34.75625,22.53125,2.25,19.873125
2025-05-04,34.83125,23.25625,0.8375,18.859375
2025-05-05,34.61875,23.725,0.4625,20.17125
2025-05-06,33.9375,21.925,0.625,20.089375
2025-05-07,33.3625,23.65,1.0375,19.94625
2025-05-08,32.9875,23.35,4.63125,19.6575
2025-05-09,36.43125,24.36875,0.5875,21.553125
2025-05-10,36.4625,24.71875,2.2875,19.2475
2025-05-11,38.0125,24.3375,0.0,22.623125
2025-05-12,39.025,24.38125,0.0,23.055
2025-05-13,40.49375,26.18125,0.0,22.698125
2025-05-14,40.425,25.94375,0.0,23.670625
2025-05-15,40.8875,25.5375,0.0,24.020625
2025-05-16,41.65625,25.85,0.0,22.9
2025-05-17,41.6125,27.1375,0.0125,21.50625
2025-05-18,41.00625,26.66875,0.0,22.715
2025-05-19,39.74375,26.9875,0.056249999999999994,22.349375000000002
2025-05-20,41.1625,27.325,0.0375,22.3325
2025-05-21,41.025,27.8625,0.0125,22.34875
2025-05-22,36.7375,25.025,0.0,22.751875
2025-05-23,37.59375,26.375,0.09375,23.098125
2025-05-24,37.275,28.00625,0.58125,21.06375
2025-05-25,32.831250000000004,22.94375,0.46875,16.939375000000002
2025-05-26,36.0875,24.34375,2.075,21.28125
2025-05-27,36.05625,26.31875,0.0,22.769375
2025-05-28,37.8375,27.23125,0.0125,22.119375
2025-05-29,39.0125,27.00625,0.024999999999999998,17.77375
2025-05-30,35.48125,25.91875,0.0,14.37
2025-05-31,38.68125,25.675,0.6375,20.6025
2025-06-01,36.05,25.80625,2.36875,15.435625
2025-06-02,36.4,24.10625,0.14375,20.274375
2025-06-03,33.45,24.4,0.0,16.62
2025-06-04,34.3,23.6125,1.03125,19.719375
2025-06-05,35.325,23.30625,0.0125,23.1925
2025-06-06,36.53125,24.73125,0.018750000000000003,22.56875
2025-06-07,38.76875,26.11875,0.0,23.033125000000002
2025-06-08,40.75,27.3,0.0,23.279375
2025-06-09,41.5875,27.18125,0.0,24.013125
2025-06-10,41.13125,27.875,0.0,24.171875
2025-06-11,41.26875,27.425,0.0,23.825625
2025-06-12,41.21875,29.4625,0.05,22.489375
2025-06-13,39.90625,30.493750000000002,0.08125,21.864375
2025-06-14,40.73125,29.53125,0.01875,22.27875
2025-06-15,37.50625,29.51875,0.45,17.95875
2025-06-16,33.425,25.275,16.993750000000002,13.125
2025-06-17,34.8625,25.41875,18.04375,20.15875
2025-06-18,34.325,24.09375,6.14375,21.274375
2025-06-19,33.90625,27.2125,0.3625,20.273125
2025-06-20,32.35625,25.73125,5.3875,13.743125000000001
2025-06-21,35.54375,26.35625,0.74375,21.659375
2025-06-22,35.13125,28.01875,1.29375,18.730625
2025-06-23,35.86875,27.74375,0.325,21.114375
2025-06-24,35.7,27.25625,0.61875,19.3125
2025-06-25,32.7375,26.51875,17.94375,11.61
2025-06-26,35.04375,26.10625,12.925,21.63375
2025-06-27,34.5,28.0125,1.71875,20.513125
2025-06-28,35.93125,25.95,5.575,21.325
2025-06-29,33.46875,26.23125,12.7375,12.519375
2025-06-30,32.65625,25.10625,21.24375,15.445
2025-07-01,33.58125,25.1125,4.75625,17.05375
2025-07-02,33.54375,26.76875,1.9,21.01125
2025-07-03,33.95,26.80625,0.825,21.244375
2025-07-04,34.2625,26.88125,0.89375,21.3475
2025-07-05,35.2,26.29375,2.61875,21.148125
2025-07-06,35.0625,26.575,9.90625,20.11375
2025-07-07,33.70625,25.88125,10.74375,16.735
2025-07-08,34.6125,26.7125,0.45,20.440625
2025-07-09,32.56875,26.15,10.58125,14.39625
2025-07-10,30.18125,25.31875,4.25,12.239375
2025-07-11,31.825,25.39375,0.36875,15.2075
2025-07-12,33.88125,25.95625,1.75,21.463125
2025-07-13,32.7875,25.8625,12.75625,17.00625
2025-07-14,31.31875,25.825,13.356250000000001,16.571875
2025-07-15,32.4125,25.75,4.06875,17.38375
2025-07-16,32.76875,25.5625,5.168749999999999,17.596875
2025-07-17,31.29375,26.66875,2.83125,15.456875
2025-07-18,32.31875,26.19375,3.53125,19.981875
2025-07-19,32.8125,26.0375,0.0875,20.465
2025-07-20,34.4375,25.99375,0.0,22.021875
2025-07-21,30.85,26.4375,1.3625,10.3775
2025-07-22,33.925,25.85,0.53125,21.418125
2025-07-23,32.95,26.8125,4.15625,18.54
2025-07-24,34.95625,25.79375,1.75625,22.115
2025-07-25,35.33125,26.25625,0.10625,21.846875
2025-07-26,34.30625,26.7125,1.91875,18.988125
2025-07-27,34.88125,28.10625,1.01875,21.92
2025-07-28,34.81875,27.54375,0.45,21.391875
2025-07-29,31.93125,26.775,9.4375,15.636875
2025-07-30,31.56875,26.2375,12.875,14.139375000000001
2025-07-31,31.175,25.3875,26.15625,12.415625
2025-08-01,32.3875,25.4,8.7125,18.086875
2025-08-02,32.9,25.90625,0.9500000000000001,19.56625
2025-08-03,33.48125,26.9375,0.425,19.68875
2025-08-04,31.150000000000002,26.15,0.725,9.371875
2025-08-05,30.54375,26.881249999999998,5.2125,10.878125
2025-08-06,32.5875,26.05625,0.99375,16.329375
2025-08-07,34.09375,26.10625,0.0,22.9425
2025-08-08,33.49375,26.7125,0.0,15.125625
2025-08-09,30.84375,25.9,5.54375,10.78875
2025-08-10,32.58125,25.64375,0.96875,19.860625
2025-08-11,33.83125,26.575,1.46875,17.13375
2025-08-12,33.1125,26.60625,2.575,16.56
2025-08-13,33.425,26.675,0.03125,17.125
2025-08-14,29.6,26.11875,10.25625,9.179375
2025-08-15,31.825,25.2625,3.3375,18.55625
2025-08-16,31.14375,26.18125,9.4875,14.250625
2025-08-17,32.2,27.05625,2.775,17.166875
2025-08-18,32.1625,27.08125,4.79375,19.261875
2025-08-19,32.13125,26.5,6.09375,19.03375
2025-08-20,32.55,26.06875,6.48125,18.31375
2025-08-21,33.00625,25.29375,12.9,21.054375
2025-08-22,33.13125,25.625,3.1375,19.08375
2025-08-23,32.1125,24.9875,12.925,16.970625000000002
2025-08-24,31.5375,25.28125,15.71875,18.005
2025-08-25,29.49375,24.5875,20.825,10.97
2025-08-26,30.25625,24.9625,11.125,13.935625
2025-08-27,32.66875,25.23125,2.325,20.59
2025-08-28,32.675,25.225,14.5625,19.44375
2025-08-29,31.55625,25.075,15.387500000000001,13.856875
2025-08-30,32.0625,25.90625,3.80625,16.175
2025-08-31,30.19375,24.94375,18.85625,11.574375
2025-09-01,29.625,24.03125,40.9875,12.265625
2025-09-02,27.95625,23.86875,33.39375,9.38
2025-09-03,30.13125,24.08125,15.00625,13.395625
2025-09-04,31.6875,24.15625,9.29375,16.91875
2025-09-05,31.55625,25.1625,7.6125,19.016875
2025-09-06,31.75,24.6625,11.78125,19.214375
2025-09-07,32.2,24.80625,2.375,20.23875
2025-09-08,32.2375,24.99375,1.375,20.4125
2025-09-09,32.41875,25.5125,0.4125,20.37375
2025-09-10,32.84375,25.6125,0.175,20.92875
2025-09-11,32.2625,24.73125,0.0,20.046875
2025-09-12,32.45,24.2875,0.1375,20.38
2025-09-13,33.0,25.28125,0.225,18.758125
2025-09-14,34.00625,25.75625,0.24375,20.160625
2025-09-15,34.3,25.975,0.05625,20.761875
2025-09-16,33.95,25.41875,0.21875,20.506875
2025-09-17,33.875,25.08125,0.1625,19.8
2025-09-18,32.90625,24.64375,1.9875,18.223125
2025-09-19,33.60625,25.375,0.90625,18.73875
2025-09-20,34.475,25.05625,0.0,19.770625
2025-09-21,34.6875,23.9125,0.0,19.986875
2025-09-22,35.15,24.08125,0.0,20.550625
2025-09-23,34.975,24.44375,0.0,20.249375
2025-09-24,34.53125,24.09375,0.0,20.760625
2025-09-25,34.49375,23.86875,0.0,20.554375
2025-09-26,35.05,23.675,0.0,20.58
2025-09-27,35.5375,24.80625,0.4375,19.335
2025-09-28,35.30625,27.2,0.0,18.884999999999998
2025-09-29,34.94375,26.74375,0.037500000000000006,18.45625
2025-09-30,33.56875,24.24375,8.4875,14.7725
2025-10-01,32.13125,24.24375,2.7875,17.6625
2025-10-02,31.95625,23.85625,2.3875,16.956875
2025-10-03,32.25625,24.09375,1.24375,17.42625
2025-10-04,33.23125,24.35,0.11875,18.151875
2025-10-05,32.80625,23.2125,0.04375,17.82
2025-10-06,27.74375,21.7875,18.29375,5.914375
2025-10-07,28.83125,20.2,8.2625,15.188125
2025-10-08,26.1125,19.825,1.03125,13.214375
2025-10-09,28.5625,19.64375,0.21250000000000002,17.4575
2025-10-10,28.7,18.775,0.0,18.349375000000002
2025-10-11,29.01875,18.443749999999998,0.0,16.660625
2025-10-12,30.412499999999998,19.90625,0.0,18.15125
2025-10-13,30.69375,19.26875,0.0,18.114375
2025-10-14,30.61875,19.58125,0.0,18.154375
2025-10-15,30.6875,18.6125,0.0,17.915625000000002
2025-10-16,30.58125,18.3875,0.0,17.754375
2025-10-17,31.075,18.53125,0.0,17.386875
2025-10-18,31.49375,19.49375,0.0,16.78
2025-10-19,31.71875,19.925,0.0,16.445625
2025-10-20,31.69375,19.85625,0.0,16.036875000000002
2025-10-21,30.05,21.2,0.30625,14.3625
2025-10-22,31.14375,20.675,0.0,15.16875
2025-10-23,30.9,18.70625,0.0,16.534375
2025-10-24,30.53125,17.7875,0.0,16.555
2025-10-25,30.0125,17.8125,0.0,16.46125
2025-10-26,29.8625,17.01875,0.0,16.519375
2025-10-27,29.24375,17.04375,0.0,12.13375
2025-10-28,26.20625,19.425,0.018750000000000003,8.0975
2025-10-29,28.3625,18.6,0.0,14.39125
2025-10-30,26.8,20.6625,0.38125,6.308125
2025-10-31,29.06875,21.03125,0.11875000000000001,12.856875
2025-11-01,30.13125,19.25625,0.0,15.36375
2025-11-02,29.3,18.26875,0.0,15.404375
2025-11-03,30.25,16.90625,0.0,15.6175
2025-11-04,29.1,17.175,0.018750000000000003,14.431875
2025-11-05,29.1625,17.925,0.0,14.19
2025-11-06,25.65,14.65625,0.0,15.576875
2025-11-07,26.6625,13.7125,0.0,15.361875
2025-11-08,25.95625,12.5125,0.0,15.41625
2025-11-09,25.99375,12.3625,0.0,15.110625
2025-11-10,26.11875,11.9875,0.0,14.916875
2025-11-11,26.4875,11.7625,0.0,14.8125
2025-11-12,26.5875,12.075,0.0,14.56
2025-11-13,25.525,11.43125,0.0,14.476875
2025-11-14,25.4125,11.45625,0.0,14.35125
2025-11-15,25.925,10.875,0.0,14.313125
2025-11-16,25.875,10.53125,0.0,14.173124999999999
2025-11-17,25.29375,10.48125,0.0,13.94125
2025-11-18,25.175,10.83125,0.0,13.691875
2025-11-19,25.31875,11.31875,0.0,13.471875
2025-11-20,25.45,12.28125,0.0,13.255
2025-11-21,25.5625,12.5,0.0,13.141875
2025-11-22,25.45,12.3625,0.0,13.33
2025-11-23,25.03125,11.53125,0.0,13.255625
2025-11-24,24.03125,10.58125,0.0,13.1875
2025-11-25,23.1875,9.6875,0.0,13.175625
2025-11-26,22.68125,9.5625,0.0,13.225
2025-11-27,23.05625,9.46875,0.0,13.121875
2025-11-28,23.91875,9.79375,0.0,12.1125
2025-11-29,24.81875,11.8,0.0,12.518125
2025-11-30,22.94375,9.9125,0.0,11.975
2025-12-01,23.15,7.9375,0.0,12.948125000000001
2025-12-02,23.93125,10.83125,0.0,12.289375
2025-12-03,21.9375,8.4,0.0,12.97125
2025-12-04,21.2125,7.925,0.0,12.623125
2025-12-05,21.075,6.8875,0.0,12.706875
2025-12-06,22.825,8.825,0.0,12.548125
2025-12-07,23.21875,9.31875,0.0,12.3925
2025-12-08,24.21875,10.59375,0.0,12.453125
2025-12-09,23.65625,10.5875,0.0,12.615
2025-12-10,23.31875,10.3625,0.0,12.45125
2025-12-11,23.75625,9.0875,0.0,12.3
2025-12-12,22.96875,8.76875,0.0,12.275
2025-12-13,23.13125,9.63125,0.0,11.9425
2025-12-14,22.76875,9.8375,0.0,11.768125
2025-12-15,22.95625,9.13125,0.0,11.885625
2025-12-16,22.6375,10.525,0.0,12.34375
2025-12-17,22.9625,10.55625,0.0,12.265625
2025-12-18,21.48125,9.83125,0.0,11.616249999999999
2025-12-19,20.99375,10.26875,0.0,11.58625
2025-12-20,20.56875,8.23125,0.0,11.336875
2025-12-21,19.69375,9.88125,0.0,10.23875
2025-12-22,20.16875,10.375,0.0,10.251875
2025-12-23,22.53125,10.5625,0.0,11.454375
2025-12-24,20.4875,10.59375,0.0,12.438125
2025-12-25,20.35625,7.95625,0.0,12.45875
2025-12-26,20.1875,8.36875,0.0,11.2525
2025-12-27,19.85,8.39375,0.0,11.2225
2025-12-28,19.90625,7.65,0.0,11.903125
2025-12-29,18.99375,8.25625,0.0,10.5725
2025-12-30,19.775,8.18125,0.0,11.20125
2025-12-31,18.74375,7.2,0.0,11.0475
2026-01-01,16.625,10.025,0.84375,5.064375
2026-01-02,17.243750000000002,9.5875,0.0,10.74375
2026-01-03,16.625,9.08125,0.1,8.031875
2026-01-04,16.75625,7.55,0.0625,9.20125
2026-01-05,17.00625,7.08125,0.0,12.339375
2026-01-06,16.9,7.6,0.0,11.991875
2026-01-07,15.275,7.05625,0.0,10.156875
2026-01-08,14.10625,6.68125,0.0,10.236875
2026-01-09,16.89375,6.58125,0.7625,11.32125
2026-01-10,17.01875,5.725,0.0,12.771875
2026-01-11,16.1875,4.78125,0.0,13.535625
2026-01-12,16.61875,3.4,0.0,13.65
2026-01-13,17.76875,3.75,0.0,12.368125000000001
2026-01-14,16.48125,4.8625,0.0,13.055
2026-01-15,17.0625,4.61875,0.0,12.459375
2026-01-16,19.5125,4.44375,0.0,13.583125
2026-01-17,20.76875,5.71875,0.0,12.81625
2026-01-18,20.825,7.025,0.0,11.89125
2026-01-19,22.85,9.0875,0.0,13.616875
2026-01-20,23.099999999999998,8.3875,0.0,13.83
2026-01-21,22.05,8.18125,0.0,13.920625
2026-01-22,23.56875,7.33125,0.0,14.181875
2026-01-23,17.44375,12.125,28.23125,5.510625
2026-01-24,16.24375,7.425,0.00625,13.786249999999999
2026-01-25,16.40625,5.775,0.0,14.835625
2026-01-26,18.3125,5.01875,0.00625,14.7
2026-01-27,19.69375,9.6875,15.381250000000001,10.9175
2026-01-28,18.51875,10.56875,2.71875,9.72375
2026-01-29,18.45,9.44375,0.0,13.38875
2026-01-30,19.35,8.3,0.0,14.315625
2026-01-31,19.91875,7.5562499999999995,0.7625,13.313125
2026-02-01,20.84375,11.9875,18.650000000000002,13.67875
2026-02-02,19.7625,11.30625,0.0,12.045
2026-02-03,19.525,9.46875,0.0,14.17625
2026-02-04,20.125,9.35,0.0,15.81125
2026-02-05,20.99375,9.5875,0.0,16.12375
2026-02-06,22.25625,9.74375,0.0,16.106875
2026-02-07,23.03125,11.5375,0.0,16.075625000000002
2026-02-08,21.94375,9.95,0.0,16.5975
2026-02-09,22.98125,9.275,0.0,15.3375
2026-02-10,24.8625,10.45625,0.0,16.251875
2026-02-11,25.01875,12.18125,0.0,16.5125
2026-02-12,23.425,11.1375,0.0,17.189999999999998
2026-02-13,23.80625,10.4875,0.0,16.463125
2026-02-14,25.24375,10.175,0.0,17.24375
2026-02-15,26.48125,11.73125,0.0,17.395
2026-02-16,27.775,11.225,0.0,17.4225
2026-02-17,27.4375,14.25,0.0,17.51125
2026-02-18,22.35625,14.1625,1.525,9.24625
2026-02-19,24.90625,12.66875,0.25,16.60375
2026-02-20,26.24375,13.04375,0.0,17.73875
2026-02-21,25.95625,13.43125,0.0,17.9775
2026-02-22,26.85,12.75,0.0,18.4275
2026-02-23,27.54375,12.9875,0.0,18.166249999999998
2026-02-24,27.275,13.2375,0.0,18.71875
2026-02-25,27.51875,12.675,0.0,19.214375
2026-02-26,28.00625,13.2125,0.0,19.165625
2026-02-27,28.81875,13.71875,0.0,19.18625
2026-02-28,29.7625,17.00625,0.0,18.5125
2026-03-01,28.75,14.69375,0.0,19.52
2026-03-02,28.775,15.0,0.0,19.52875
2026-03-03,29.45625,15.5125,0.0,19.93375
2026-03-04,31.08125,16.0625,0.0,19.745
2026-03-05,31.8875,19.06875,0.0,19.85375
2026-03-06,31.9625,17.0875,0.0,20.16
2026-03-07,32.6375,17.63125,0.0,20.191875
2026-03-08,33.53125,17.4875,0.0,20.274375
2026-03-09,33.15625,18.075,0.0,20.017500000000002
2026-03-10,32.96875,18.10625,0.0,20.1
2026-03-11,34.48125,17.5,0.0,20.903125
2026-03-12,33.96875,18.243750000000002,0.0,19.61875
2026-03-13,30.76875,19.3625,0.0,19.05125
2026-03-14,30.9625,17.99375,0.0,17.994375
2026-03-15,27.18125,17.70625,4.6125,18.42
2026-03-16,29.78125,16.5375,0.05,20.23
2026-03-17,29.3,15.29375,0.0,21.145
2026-03-18,29.96875,16.875,4.41875,19.64875
2026-03-19,26.51875,17.5625,2.10625,14.299375
2026-03-20,20.44375,15.28125,7.675,9.33625
2026-03-21,25.55625,13.9375,0.0,19.978125
2026-03-22,27.175,15.14375,0.0,21.474375000000002
2026-03-23,26.8375,17.95625,5.76875,14.47375
2026-03-24,29.33125,16.91875,0.0,21.7525
2026-03-25,30.5,16.38125,0.0,22.419375
2026-03-26,32.94375,19.09375,0.18125,18.82875
2026-03-27,28.26875,20.04375,0.375,17.800625
2026-03-28,31.11875,18.41875,0.0,21.57125
2026-03-29,32.9,20.85625,0.0375,18.84
2026-03-30,33.76875,20.0375,0.15,18.464375
2026-03-31,32.09375,18.9625,1.58125,18.066875
2026-04-01,31.725,17.96875,0.13125,19.28375
2026-04-02,33.3375,20.31875,0.0875,18.039375
2026-04-03,30.63125,20.4125,1.475,17.049375
2026-04-04,29.6125,19.675,1.0875,16.939375
2026-04-05,29.025,18.25625,0.6625,20.045
2026-04-06,30.66875,18.14375,0.0,22.364375
2026-04-07,28.80625,17.50625,10.525,12.6425
2026-04-08,25.73125,16.55,3.4875,20.673125
2026-04-09,28.3625,15.69375,0.0,22.34875
2026-04-10,30.66875,16.54375,0.0,24.073125
2026-04-11,31.83125,19.91875,0.0,20.916875
2026-04-12,33.09375,19.83125,0.0125,24.2
2026-04-13,33.83125,19.45625,0.0,24.450625
2026-04-14,36.39375,20.03125,0.0,23.935
2026-04-15,37.6125,20.75,0.0,24.61625
2026-04-16,38.80625,21.68125,0.0,24.055625
2026-04-17,38.88125,23.74375,0.0,18.004375
2026-04-18,39.025,21.3375,0.0,24.046875
2026-04-19,39.2375,23.13125,0.0,21.389375
2026-04-20,38.49375,24.2375,0.0,23.433125
2026-04-21,38.11875,23.50625,0.0,24.4575
2026-04-22,39.64375,23.08125,0.0,24.56125
2026-04-23,40.45,25.13125,0.0,24.374375
2026-04-24,41.0625,25.35625,0.0,22.64125
2026-04-25,41.54375,26.8125,0.0,21.388749999999998
2026-04-26,40.875,26.79375,0.0,21.2625
2026-04-27,41.44375,26.79375,0.03125,23.4325
2026-04-28,37.83125,28.19375,0.2625,20.62375
2026-04-29,36.1125,26.075,0.00625,20.518125
2026-04-30,36.98125,24.0375,0.13125,21.17875
2026-05-01,35.3625,21.95,0.0,23.441875
2026-05-02,36.55,24.69375,0.18124999999999997,21.844375
2026-05-03,34.13125,24.3125,0.5875,20.794375
2026-05-04,30.693749999999998,21.10625,5.40625,20.955625
2026-05-05,30.85,22.2375,1.4125,19.44875
2026-05-06,34.00625,20.41875,0.0,23.166875
2026-05-07,31.16875,22.85,0.33125,20.2875
2026-05-08,33.94375,21.68125,0.037500000000000006,22.63875
2026-05-09,34.83125,23.29375,0.0,22.399375
2026-05-10,36.09375,24.51875,0.0,22.254375
2026-05-11,36.66875,26.181250000000002,0.018750000000000003,20.14875
2026-05-12,37.925,26.93125,3.975,21.55125
2026-05-13,38.38125,25.575,0.125,23.908125
2026-05-14,38.03125,25.13125,0.09375,23.308125
2026-05-15,38.7625,26.65625,1.49375,23.6175
2026-05-16,39.09375,26.06875,0.00625,23.694375
2026-05-17,40.0625,27.25,0.075,23.618125
2026-05-18,41.79375,27.5,0.0,24.301875
2026-05-19,43.24375,29.0,0.0,24.983125
2026-05-20,42.65625,29.75625,0.0,23.96625
2026-05-21,41.775,31.91875,0.0,24.684375
2026-05-22,41.03125,30.01875,0.0,24.533125
2026-05-23,40.48125,28.98125,0.14375,22.854375
2026-05-24,41.525,28.1125,0.0,23.558125
2026-05-25,42.1875,30.80625,0.1625,23.52
2026-05-26,41.8875,29.1,0.018750000000000003,24.896875
2026-05-27,42.13125,28.8125,0.0,25.325
2026-05-28,40.11875,27.59375,4.35,22.834375
2026-05-29,34.04375,25.98125,0.9562499999999999,20.6375
2026-05-30,34.8,24.0625,7.025,21.286875
2026-05-31,33.4375,23.20625,1.475,22.4275
2026-06-01,33.21875,24.025,0.78125,21.339375
2026-06-02,35.10625,24.49375,1.1,22.795625
2026-06-03,37.175,27.0625,0.16874999999999998,23.37625
2026-06-04,37.85625,26.19375,2.6875,22.011875
2026-06-05,34.10625,25.5375,0.975,17.27
2026-06-06,38.34375,26.9625,0.4625,23.035625
2026-06-07,39.125,27.5,1.71875,21.711875
2026-06-08,40.81875,28.875,0.0,23.708750000000002
2026-06-09,41.71875,29.40625,0.0,24.230625
2026-06-10,41.625,30.4875,0.41250000000000003,23.8875
2026-06-11,36.8125,26.7875,0.25625,23.550625
2026-06-12,33.25625,23.4375,6.63125,22.37125
2026-06-13,34.29375,25.10625,1.04375,19.933125
2026-06-14,36.875,26.35625,0.39375,23.156875
2026-06-15,36.58125,26.79375,1.5,21.378125
2026-06-16,32.6375,24.925,0.71875,14.950625
2026-06-17,36.2875,24.69375,0.0,24.289375
2026-06-18,37.74375,27.7,0.13125,23.47
2026-06-19,36.76875,27.0125,0.0625,23.23375
2026-06-20,37.9375,28.54375,0.17500000000000002,23.534375
2026-06-21,37.4625,28.28125,0.0875,16.663125
2026-06-22,35.29375,27.39375,0.28125,18.436875
2026-06-23,36.84375,27.64375,0.9125,20.91375
2026-06-24,36.71875,27.0,0.85,20.785
2026-06-25,37.375,27.50625,0.7312500000000001,22.624375
2026-06-26,38.79375,28.89375,0.65,23.168125
2026-06-27,38.78125,27.8375,0.5,23.8025
2026-06-28,39.45625,29.85,0.8625,23.685
2026-06-29,39.8,31.15625,0.94375,23.313125
2026-06-30,38.125,30.075,1.30625,16.619375
2026-07-01,32.84375,27.36875,4.3375,13.6675
2026-07-02,31.7375,25.7875,10.675,12.673124999999999
2026-07-03,34.375,26.974999999999998,0.41875,17.055
2026-07-04,34.5,29.2375,2.21875,18.014375
2026-07-05,34.69375,28.575,2.86875,19.559375
2026-07-06,36.24375,27.01875,1.60625,22.0625
2026-07-07,33.70625,26.74375,8.7875,16.66125
2026-07-08,29.49375,26.05,22.5375,8.298125
2026-07-09,29.44375,25.3875,90.69375,7.8075
2026-07-10,33.4375,25.7875,0.96875,22.576875
2026-07-11,34.55625,26.96875,3.09375,20.8325
2026-07-12,35.35625,29.08125,1.1625,23.194375
2026-07-13,35.85625,28.9375,0.2125,23.825625
2026-07-14,36.375,26.00625,2.7624999999999997,22.293125
2026-07-15,35.875,25.93125,5.74375,21.815625
2026-07-16,36.7875,29.5125,0.01875,24.299375
2026-07-17,36.76875,30.30625,0.35,22.2675
2026-07-18,36.10625,30.3875,0.01875,17.129375
2026-07-19,35.94375,29.925,1.1187500000000001,15.64125
2026-07-20,32.88125,26.56875,27.175,13.49375
2026-07-21,29.75,25.59375,17.78125,9.99875
2026-07-22,32.225,25.75,6.14375,21.099375
2026-07-23,32.66875,26.53125,6.5687500000000005,22.17
2026-07-24,31.075,25.9625,7.55625,17.823125
2026-07-25,32.8,27.15,2.50625,19.559375
2026-07-26,34.1,27.21875,2.05625,21.28375
2026-07-27,35.19375,28.6625,0.8125,20.17625
2026-07-28,30.66875,26.6625,14.38125,8.31375
2026-07-29,32.9875,26.54375,5.6125,17.515625
2026-07-30,33.44375,26.4375,6.5375,21.40875
2026-07-31,32.6125,28.08125,1.925,19.2375
2026-08-01,32.85,26.912499999999998,4.1875,19.90375
2026-08-02,33.5875,26.63125,6.025,21.21
2026-08-03,33.0,26.175,28.55625,16.795
2026-08-04,29.7375,26.31875,17.775,9.710625
2026-08-05,32.85625,26.38125,2.94375,16.963124999999998
2026-08-06,28.3,26.2875,13.2875,6.04875
2026-08-07,28.75625,25.65,49.6875,6.684375
2026-08-08,32.05,24.94375,31.1875,18.743125
2026-08-09,33.8375,25.88125,2.30625,22.50125
2026-08-10,33.23125,26.5875,14.1,17.630625
2026-08-11,30.94375,26.76875,10.53125,12.576875
2026-08-12,34.41875,26.89375,2.89375,22.4075
2026-08-13,33.8375,27.14375,2.475,21.763125
2026-08-14,31.0125,27.0375,10.59375,11.78375
2026-08-15,32.85625,26.575,4.45625,17.8025
2026-08-16,33.79375,26.61875,2.85625,19.7725
2026-08-17,33.41875,27.2875,3.24375,21.548125
2026-08-18,33.325,26.55,3.28125,21.134999999999998
2026-08-19,33.25,26.775,2.975,20.545
2026-08-20,33.19375,26.43125,5.2875,15.684375
2026-08-21,33.60625,26.2375,1.2375,21.935625
2026-08-22,33.53125,25.8,7.61875,20.286875
2026-08-23,32.80625,25.39375,6.63125,20.16375
2026-08-24,32.04375,25.09375,5.9125,13.228125
2026-08-25,32.675,26.125,3.425,16.291249999999998
2026-08-26,32.66875,26.587500000000002,6.98125,16.981875
2026-08-27,33.8125,27.3375,0.39375000000000004,16.6075
2026-08-28,34.13125,27.2125,0.2875,21.24875
2026-08-29,34.44375,27.93125,0.0,22.244375
2026-08-30,33.68125,27.91875,0.21875,17.571875
2026-08-31,33.3875,27.60625,0.6437499999999999,19.2125
2026-09-01,33.28125,27.04375,2.34375,19.033749999999998
2026-09-02,31.525,24.9,10.71875,15.655625
2026-09-03,31.775,25.66875,3.7625,18.44375
2026-09-04,30.875,25.78125,12.9,15.375625
2026-09-05,28.1625,25.38125,19.73125,7.96125
2026-09-06,28.175,24.2875,15.73125,7.9325
2026-09-07,32.51875,23.93125,0.9812500000000001,20.3175
2026-09-08,32.84375,25.0,0.76875,20.375
2026-09-09,33.71875,26.575,0.08125,21.0425
2026-09-10,34.2875,26.7375,0.0,21.0875
2026-09-11,31.9375,26.2125,5.03125,18.0675
2026-09-12,31.65,25.73125,9.575,15.535
2026-09-13,32.7125,27.2875,0.78125,18.88
2026-09-14,31.64375,26.2375,4.10625,18.504375
2026-09-15,32.0625,25.71875,1.80625,18.90125
2026-09-16,34.50625,26.68125,0.23750000000000002,19.92125
2026-09-17,32.41875,24.3375,1.39375,18.15125
2026-09-18,31.55,24.6625,0.8562500000000001,19.22125
2026-09-19,33.03125,24.35,0.0,19.625
2026-09-20,33.668749999999996,24.68125,0.1125,19.646875
2026-09-21,33.43125,24.99375,0.03125,19.46
2026-09-22,34.625,25.38125,0.0,19.66125
2026-09-23,34.825,25.1875,0.0,19.626875
2026-09-24,33.50625,25.54375,0.1,19.00125
2026-09-25,31.125,24.91875,0.03125,17.810625
2026-09-26,29.74375,22.49375,4.6,17.043125
2026-09-27,29.04375,22.10625,1.2,17.61875
2026-09-28,28.075,22.0,3.50625,12.403125000000001
2026-09-29,31.0375,21.46875,0.0,18.921875
2026-09-30,32.65,22.631249999999998,0.0,18.9175
2026-10-01,33.71875,23.05625,0.0125,17.968125
2026-10-02,34.48125,23.15625,0.0,18.593125
2026-10-03,35.2125,23.76875,0.0,19.09
2026-10-04,34.1875,24.41875,0.0,19.0625
