year,collection,id,platform,datetime,doy,cloud,wrs_path,wrs_row,mgrs_tile,s2_native_valid_frac,w0,w1,w2,w3,w4
2022,landsat,LC08_L2SP_146040_20220725_02_T1,LC08,2022-07-25T05:19:12.105579+00:00,206,38.58,146,040,,,1,0,0,1,0
2022,landsat,LC09_L2SP_146041_20220717_02_T1,LC09,2022-07-17T05:19:05.415125+00:00,198,43.64,146,041,,,1,0,0,1,0
2022,landsat,LC09_L2SP_146040_20220717_02_T1,LC09,2022-07-17T05:18:41.528345+00:00,198,35.75,146,040,,,1,0,0,1,0
2022,landsat,LC08_L2SP_146041_20220709_02_T1,LC08,2022-07-09T05:19:29.304948+00:00,190,100.0,146,041,,,1,0,0,1,0
2022,landsat,LC08_L2SP_146040_20220709_02_T1,LC08,2022-07-09T05:19:05.409672+00:00,190,100.0,146,040,,,1,0,0,1,0
2022,landsat,LC09_L2SP_147040_20220708_02_T1,LC09,2022-07-08T05:24:52.458863+00:00,189,30.57,147,040,,,1,0,0,1,0
2022,landsat,LC08_L2SP_146041_20220623_02_T1,LC08,2022-06-23T05:19:28.489792+00:00,174,0.54,146,041,,,0,1,1,1,1
2022,landsat,LC08_L2SP_146040_20220623_02_T1,LC08,2022-06-23T05:19:04.594517+00:00,174,1.19,146,040,,,0,1,1,1,1
2022,landsat,LC09_L2SP_146041_20220615_02_T1,LC09,2022-06-15T05:18:52.188691+00:00,166,42.48,146,041,,,0,1,1,1,1
2022,landsat,LC09_L2SP_146040_20220615_02_T1,LC09,2022-06-15T05:18:28.284968+00:00,166,0.56,146,040,,,0,1,1,1,1
2022,landsat,LC08_L2SP_146041_20220607_02_T1,LC08,2022-06-07T05:19:19.866630+00:00,158,0.64,146,041,,,0,1,1,1,1
2022,landsat,LC08_L2SP_146040_20220607_02_T1,LC08,2022-06-07T05:18:55.971355+00:00,158,0.27,146,040,,,0,1,1,1,1
2022,landsat,LC09_L2SP_146041_20220530_02_T1,LC09,2022-05-30T05:18:46.105902+00:00,150,0.05,146,041,,,0,1,1,1,1
2022,landsat,LC09_L2SP_146040_20220530_02_T1,LC09,2022-05-30T05:18:22.214887+00:00,150,1.66,146,040,,,0,1,1,1,1
2022,landsat,LC08_L2SP_147040_20220529_02_T1,LC08,2022-05-29T05:24:58.643157+00:00,149,0.0,147,040,,,0,1,1,1,1
2022,landsat,LC08_L2SP_146041_20220522_02_T1,LC08,2022-05-22T05:19:11.562798+00:00,142,0.03,146,041,,,0,1,1,1,1
2022,landsat,LC08_L2SP_146040_20220522_02_T1,LC08,2022-05-22T05:18:47.667522+00:00,142,5.38,146,040,,,0,1,1,1,1
2022,landsat,LC09_L2SP_147040_20220521_02_T1,LC09,2022-05-21T05:24:32.517066+00:00,141,20.32,147,040,,,0,1,1,1,1
2022,landsat,LC09_L2SP_146041_20220514_02_T1,LC09,2022-05-14T05:18:51.366280+00:00,134,0.0,146,041,,,0,1,1,1,1
2022,landsat,LC09_L2SP_146040_20220514_02_T1,LC09,2022-05-14T05:18:27.471029+00:00,134,0.02,146,040,,,0,1,1,1,1
2022,landsat,LC08_L2SP_147040_20220513_02_T1,LC08,2022-05-13T05:24:56.875463+00:00,133,0.0,147,040,,,0,1,1,1,1
2022,landsat,LC08_L2SP_146041_20220506_02_T1,LC08,2022-05-06T05:19:06.062629+00:00,126,3.3,146,041,,,0,1,1,1,1
2022,landsat,LC08_L2SP_146040_20220506_02_T1,LC08,2022-05-06T05:18:42.171589+00:00,126,1.62,146,040,,,0,1,1,1,1
2022,landsat,LC09_L2SP_147040_20220505_02_T1,LC09,2022-05-05T05:24:44.533453+00:00,125,0.15,147,040,,,0,1,1,1,1
2022,landsat,LC09_L2SP_146041_20220428_02_T1,LC09,2022-04-28T05:19:00.175913+00:00,118,0.0,146,041,,,0,1,1,1,0
2022,landsat,LC09_L2SP_146040_20220428_02_T1,LC09,2022-04-28T05:18:36.280663+00:00,118,0.02,146,040,,,0,1,1,1,0
2022,landsat,LC08_L2SP_147040_20220427_02_T1,LC08,2022-04-27T05:24:47.910303+00:00,117,0.0,147,040,,,0,1,1,1,0
2022,landsat,LC08_L2SP_146041_20220420_02_T1,LC08,2022-04-20T05:19:04.256977+00:00,110,1.15,146,041,,,0,1,1,1,0
2022,landsat,LC08_L2SP_146040_20220420_02_T1,LC08,2022-04-20T05:18:40.361701+00:00,110,0.19,146,040,,,0,1,1,1,0
2022,landsat,LC09_L2SP_147040_20220419_02_T1,LC09,2022-04-19T05:24:49.395380+00:00,109,0.0,147,040,,,0,1,1,1,0
2022,landsat,LC08_L2SP_147040_20220411_02_T1,LC08,2022-04-11T05:24:51.146597+00:00,101,1.68,147,040,,,0,1,1,1,0
2022,landsat,LC08_L2SP_146041_20220404_02_T1,LC08,2022-04-04T05:19:00.081108+00:00,94,0.0,146,041,,,0,1,1,1,0
2022,landsat,LC08_L2SP_146040_20220404_02_T1,LC08,2022-04-04T05:18:36.185832+00:00,94,0.01,146,040,,,0,1,1,1,0
2022,landsat,LC09_L2SP_147040_20220403_02_T1,LC09,2022-04-03T05:24:58.637094+00:00,93,0.0,147,040,,,0,1,1,1,0
2022,landsat,LC09_L2SP_146041_20220327_02_T1,LC09,2022-03-27T05:19:11.445630+00:00,86,0.0,146,041,,,0,0,1,0,0
2022,landsat,LC09_L2SP_146040_20220327_02_T1,LC09,2022-03-27T05:18:47.554615+00:00,86,0.02,146,040,,,0,0,1,0,0
2022,landsat,LC08_L2SP_146041_20220319_02_T1,LC08,2022-03-19T05:19:08.352224+00:00,78,0.0,146,041,,,0,0,1,0,0
2022,landsat,LC08_L2SP_146040_20220319_02_T1,LC08,2022-03-19T05:18:44.461184+00:00,78,0.03,146,040,,,0,0,1,0,0
2022,landsat,LC09_L2SP_146041_20220311_02_T1,LC09,2022-03-11T05:19:16.840320+00:00,70,0.03,146,041,,,0,0,1,0,0
2022,landsat,LC09_L2SP_146040_20220311_02_T1,LC09,2022-03-11T05:18:52.945069+00:00,70,0.09,146,040,,,0,0,1,0,0
2022,landsat,LC08_L2SP_147040_20220310_02_T1,LC08,2022-03-10T05:25:00.592822+00:00,69,9.6,147,040,,,0,0,1,0,0
2022,landsat,LC09_L2SP_147040_20220302_02_T1,LC09,2022-03-02T05:25:02.843693+00:00,61,0.6,147,040,,,0,0,1,0,0
2022,s2,S2A_MSIL2A_20220305T052721_R105_T43RFM_20220305T195824,Sentinel-2A,2022-03-05T05:27:21.024000+00:00,64,0.000129,,,43RFM,1.0,0,0,1,0,0
2022,s2,S2B_MSIL2A_20220310T052649_R105_T43RFM_20220311T052945,Sentinel-2B,2022-03-10T05:26:49.024000+00:00,69,23.90711,,,43RFM,0.0832,0,0,1,0,0
2022,s2,S2A_MSIL2A_20220315T052651_R105_T43RFM_20220315T181915,Sentinel-2A,2022-03-15T05:26:51.024000+00:00,74,3e-06,,,43RFM,1.0,0,0,1,0,0
2022,s2,S2B_MSIL2A_20220320T052649_R105_T43RFM_20220320T185450,Sentinel-2B,2022-03-20T05:26:49.024000+00:00,79,6.203904,,,43RFM,0.7008,0,0,1,0,0
2022,s2,S2A_MSIL2A_20220325T052651_R105_T43RFM_20220325T174517,Sentinel-2A,2022-03-25T05:26:51.024000+00:00,84,0.000319,,,43RFM,1.0,0,0,1,0,0
2022,s2,S2B_MSIL2A_20220330T052639_R105_T43RFM_20240522T115955,Sentinel-2B,2022-03-30T05:26:39.024000+00:00,89,0.000723,,,43RFM,1.0,0,0,1,0,0
2022,s2,S2A_MSIL2A_20220404T052651_R105_T43RFM_20220404T152719,Sentinel-2A,2022-04-04T05:26:51.024000+00:00,94,0.447666,,,43RFM,1.0,0,1,1,1,0
2022,s2,S2B_MSIL2A_20220409T052639_R105_T43RFM_20240526T142711,Sentinel-2B,2022-04-09T05:26:39.024000+00:00,99,0.000474,,,43RFM,1.0,0,1,1,1,0
2022,s2,S2A_MSIL2A_20220414T052651_R105_T43RFM_20220414T214016,Sentinel-2A,2022-04-14T05:26:51.024000+00:00,104,0.00211,,,43RFM,1.0,0,1,1,1,0
2022,s2,S2B_MSIL2A_20220419T052639_R105_T43RFM_20220419T143009,Sentinel-2B,2022-04-19T05:26:39.024000+00:00,109,0.000425,,,43RFM,1.0,0,1,1,1,0
2022,s2,S2A_MSIL2A_20220424T052651_R105_T43RFM_20220425T030439,Sentinel-2A,2022-04-24T05:26:51.024000+00:00,114,8.32969,,,43RFM,1.0,0,1,1,1,0
2022,s2,S2B_MSIL2A_20220429T052639_R105_T43RFM_20240610T145503,Sentinel-2B,2022-04-29T05:26:39.024000+00:00,119,0.001596,,,43RFM,1.0,0,1,1,1,0
2022,s2,S2A_MSIL2A_20220504T052651_R105_T43RFM_20220504T195850,Sentinel-2A,2022-05-04T05:26:51.024000+00:00,124,2.903119,,,43RFM,0.8284,0,1,1,1,1
2022,s2,S2B_MSIL2A_20220509T052639_R105_T43RFM_20240614T021054,Sentinel-2B,2022-05-09T05:26:39.024000+00:00,129,0.000803,,,43RFM,1.0,0,1,1,1,1
2022,s2,S2A_MSIL2A_20220514T052651_R105_T43RFM_20220516T143134,Sentinel-2A,2022-05-14T05:26:51.024000+00:00,134,0.000368,,,43RFM,1.0,0,1,1,1,1
2022,s2,S2B_MSIL2A_20220519T052649_R105_T43RFM_20220520T213555,Sentinel-2B,2022-05-19T05:26:49.024000+00:00,139,0.000229,,,43RFM,1.0,0,1,1,1,1
2022,s2,S2A_MSIL2A_20220524T052651_R105_T43RFM_20240629T003232,Sentinel-2A,2022-05-24T05:26:51.024000+00:00,144,10.651142,,,43RFM,0.8013,0,1,1,1,1
2022,s2,S2B_MSIL2A_20220529T052649_R105_T43RFM_20220529T221752,Sentinel-2B,2022-05-29T05:26:49.024000+00:00,149,0.096134,,,43RFM,1.0,0,1,1,1,1
2022,s2,S2A_MSIL2A_20220603T052651_R105_T43RFM_20220604T000232,Sentinel-2A,2022-06-03T05:26:51.024000+00:00,154,6.969665,,,43RFM,0.9999,0,1,1,1,1
2022,s2,S2B_MSIL2A_20220608T052649_R105_T43RFM_20220608T174036,Sentinel-2B,2022-06-08T05:26:49.024000+00:00,159,12.016951,,,43RFM,0.7887,0,1,1,1,1
2022,s2,S2A_MSIL2A_20220623T052701_R105_T43RFM_20220623T203417,Sentinel-2A,2022-06-23T05:27:01.024000+00:00,174,5.310865,,,43RFM,0.7338,0,1,1,1,1
2022,s2,S2B_MSIL2A_20220628T052649_R105_T43RFM_20220628T214641,Sentinel-2B,2022-06-28T05:26:49.024000+00:00,179,39.830819,,,43RFM,0.2165,0,1,1,1,1
2022,s2,S2A_MSIL2A_20220703T052701_R105_T43RFM_20220703T173128,Sentinel-2A,2022-07-03T05:27:01.024000+00:00,184,56.793904,,,43RFM,0.4652,1,0,0,1,0
2022,s2,S2B_MSIL2A_20220708T052649_R105_T43RFM_20220708T172041,Sentinel-2B,2022-07-08T05:26:49.024000+00:00,189,20.541249,,,43RFM,0.8386,1,0,0,1,0
2022,s2,S2A_MSIL2A_20220305T052721_R105_T43RFN_20220305T210007,Sentinel-2A,2022-03-05T05:27:21.024000+00:00,64,0.197554,,,43RFN,1.0,0,0,1,0,0
2022,s2,S2B_MSIL2A_20220310T052649_R105_T43RFN_20220311T033826,Sentinel-2B,2022-03-10T05:26:49.024000+00:00,69,21.193789,,,43RFN,0.0349,0,0,1,0,0
2022,s2,S2A_MSIL2A_20220315T052651_R105_T43RFN_20220315T165723,Sentinel-2A,2022-03-15T05:26:51.024000+00:00,74,3e-06,,,43RFN,1.0,0,0,1,0,0
2022,s2,S2B_MSIL2A_20220320T052649_R105_T43RFN_20220320T181813,Sentinel-2B,2022-03-20T05:26:49.024000+00:00,79,0.014844,,,43RFN,0.9916,0,0,1,0,0
2022,s2,S2A_MSIL2A_20220325T052651_R105_T43RFN_20220325T174702,Sentinel-2A,2022-03-25T05:26:51.024000+00:00,84,0.000103,,,43RFN,1.0,0,0,1,0,0
2022,s2,S2B_MSIL2A_20220330T052639_R105_T43RFN_20220330T180008,Sentinel-2B,2022-03-30T05:26:39.024000+00:00,89,0.000249,,,43RFN,1.0,0,0,1,0,0
2022,s2,S2A_MSIL2A_20220404T052651_R105_T43RFN_20220404T190709,Sentinel-2A,2022-04-04T05:26:51.024000+00:00,94,0.010046,,,43RFN,0.9999,0,1,1,1,0
2022,s2,S2B_MSIL2A_20220409T052639_R105_T43RFN_20220409T185139,Sentinel-2B,2022-04-09T05:26:39.024000+00:00,99,0.00068,,,43RFN,1.0,0,1,1,1,0
2022,s2,S2A_MSIL2A_20220414T052651_R105_T43RFN_20220414T211847,Sentinel-2A,2022-04-14T05:26:51.024000+00:00,104,0.002286,,,43RFN,1.0,0,1,1,1,0
2022,s2,S2B_MSIL2A_20220419T052639_R105_T43RFN_20240609T162755,Sentinel-2B,2022-04-19T05:26:39.024000+00:00,109,0.038079,,,43RFN,1.0,0,1,1,1,0
2022,s2,S2A_MSIL2A_20220424T052651_R105_T43RFN_20220425T004722,Sentinel-2A,2022-04-24T05:26:51.024000+00:00,114,0.003733,,,43RFN,1.0,0,1,1,1,0
2022,s2,S2B_MSIL2A_20220429T052639_R105_T43RFN_20220430T024614,Sentinel-2B,2022-04-29T05:26:39.024000+00:00,119,0.000985,,,43RFN,0.9999,0,1,1,1,0
2022,s2,S2A_MSIL2A_20220504T052651_R105_T43RFN_20220504T194919,Sentinel-2A,2022-05-04T05:26:51.024000+00:00,124,2.556727,,,43RFN,0.6906,0,1,1,1,1
2022,s2,S2B_MSIL2A_20220509T052639_R105_T43RFN_20220510T042931,Sentinel-2B,2022-05-09T05:26:39.024000+00:00,129,0.000584,,,43RFN,1.0,0,1,1,1,1
2022,s2,S2A_MSIL2A_20220514T052651_R105_T43RFN_20220516T141230,Sentinel-2A,2022-05-14T05:26:51.024000+00:00,134,0.000902,,,43RFN,1.0,0,1,1,1,1
2022,s2,S2B_MSIL2A_20220519T052649_R105_T43RFN_20220520T210302,Sentinel-2B,2022-05-19T05:26:49.024000+00:00,139,7e-06,,,43RFN,1.0,0,1,1,1,1
2022,s2,S2A_MSIL2A_20220524T052651_R105_T43RFN_20240629T003232,Sentinel-2A,2022-05-24T05:26:51.024000+00:00,144,59.872276,,,43RFN,0.503,0,1,1,1,1
2022,s2,S2B_MSIL2A_20220529T052649_R105_T43RFN_20220529T220849,Sentinel-2B,2022-05-29T05:26:49.024000+00:00,149,0.032097,,,43RFN,1.0,0,1,1,1,1
2022,s2,S2A_MSIL2A_20220603T052651_R105_T43RFN_20220603T233635,Sentinel-2A,2022-06-03T05:26:51.024000+00:00,154,0.001035,,,43RFN,1.0,0,1,1,1,1
2022,s2,S2B_MSIL2A_20220608T052649_R105_T43RFN_20220608T184753,Sentinel-2B,2022-06-08T05:26:49.024000+00:00,159,3.735751,,,43RFN,1.0,0,1,1,1,1
2022,s2,S2A_MSIL2A_20220613T052701_R105_T43RFN_20220614T021024,Sentinel-2A,2022-06-13T05:27:01.024000+00:00,164,2.458512,,,43RFN,0.6587,0,1,1,1,1
2022,s2,S2A_MSIL2A_20220623T052701_R105_T43RFN_20220623T204832,Sentinel-2A,2022-06-23T05:27:01.024000+00:00,174,5.759324,,,43RFN,0.7482,0,1,1,1,1
2022,s2,S2B_MSIL2A_20220628T052649_R105_T43RFN_20220628T224057,Sentinel-2B,2022-06-28T05:26:49.024000+00:00,179,55.26157,,,43RFN,0.1737,0,1,1,1,1
2022,s2,S2B_MSIL2A_20220718T052649_R105_T43RFN_20220718T190213,Sentinel-2B,2022-07-18T05:26:49.024000+00:00,199,19.931898,,,43RFN,0.7225,1,0,0,1,0
2022,s2,S2A_MSIL2A_20220305T052721_R105_T43RGM_20220305T193612,Sentinel-2A,2022-03-05T05:27:21.024000+00:00,64,6.6e-05,,,43RGM,1.0,0,0,1,0,0
2022,s2,S2B_MSIL2A_20220310T052649_R105_T43RGM_20220311T030449,Sentinel-2B,2022-03-10T05:26:49.024000+00:00,69,28.187707,,,43RGM,0.0576,0,0,1,0,0
2022,s2,S2A_MSIL2A_20220315T052651_R105_T43RGM_20220315T170425,Sentinel-2A,2022-03-15T05:26:51.024000+00:00,74,0.000196,,,43RGM,1.0,0,0,1,0,0
2022,s2,S2B_MSIL2A_20220320T052649_R105_T43RGM_20220320T191911,Sentinel-2B,2022-03-20T05:26:49.024000+00:00,79,9.797688,,,43RGM,0.6867,0,0,1,0,0
2022,s2,S2A_MSIL2A_20220325T052651_R105_T43RGM_20220325T174651,Sentinel-2A,2022-03-25T05:26:51.024000+00:00,84,0.000143,,,43RGM,1.0,0,0,1,0,0
2022,s2,S2B_MSIL2A_20220330T052639_R105_T43RGM_20240522T115955,Sentinel-2B,2022-03-30T05:26:39.024000+00:00,89,0.0,,,43RGM,1.0,0,0,1,0,0
2022,s2,S2A_MSIL2A_20220404T052651_R105_T43RGM_20220404T152504,Sentinel-2A,2022-04-04T05:26:51.024000+00:00,94,0.055972,,,43RGM,0.9994,0,1,1,1,0
2022,s2,S2B_MSIL2A_20220409T052639_R105_T43RGM_20220409T185711,Sentinel-2B,2022-04-09T05:26:39.024000+00:00,99,0.000713,,,43RGM,1.0,0,1,1,1,0
2022,s2,S2A_MSIL2A_20220414T052651_R105_T43RGM_20240528T131838,Sentinel-2A,2022-04-14T05:26:51.024000+00:00,104,0.018305,,,43RGM,1.0,0,1,1,1,0
2022,s2,S2B_MSIL2A_20220419T052639_R105_T43RGM_20220419T144959,Sentinel-2B,2022-04-19T05:26:39.024000+00:00,109,1.3e-05,,,43RGM,1.0,0,1,1,1,0
2022,s2,S2A_MSIL2A_20220424T052651_R105_T43RGM_20220425T011943,Sentinel-2A,2022-04-24T05:26:51.024000+00:00,114,0.724745,,,43RGM,1.0,0,1,1,1,0
2022,s2,S2B_MSIL2A_20220429T052639_R105_T43RGM_20220430T030604,Sentinel-2B,2022-04-29T05:26:39.024000+00:00,119,0.000883,,,43RGM,1.0,0,1,1,1,0
2022,s2,S2A_MSIL2A_20220504T052651_R105_T43RGM_20220504T194218,Sentinel-2A,2022-05-04T05:26:51.024000+00:00,124,4.062847,,,43RGM,0.8815,0,1,1,1,1
2022,s2,S2B_MSIL2A_20220509T052639_R105_T43RGM_20220510T023923,Sentinel-2B,2022-05-09T05:26:39.024000+00:00,129,0.000707,,,43RGM,1.0,0,1,1,1,1
2022,s2,S2A_MSIL2A_20220514T052651_R105_T43RGM_20220516T143736,Sentinel-2A,2022-05-14T05:26:51.024000+00:00,134,0.00069,,,43RGM,1.0,0,1,1,1,1
2022,s2,S2B_MSIL2A_20220519T052649_R105_T43RGM_20220520T202820,Sentinel-2B,2022-05-19T05:26:49.024000+00:00,139,0.000322,,,43RGM,1.0,0,1,1,1,1
2022,s2,S2A_MSIL2A_20220524T052651_R105_T43RGM_20240629T003232,Sentinel-2A,2022-05-24T05:26:51.024000+00:00,144,36.238483,,,43RGM,0.4536,0,1,1,1,1
2022,s2,S2B_MSIL2A_20220529T052649_R105_T43RGM_20220529T220548,Sentinel-2B,2022-05-29T05:26:49.024000+00:00,149,0.007767,,,43RGM,1.0,0,1,1,1,1
2022,s2,S2A_MSIL2A_20220603T052651_R105_T43RGM_20220603T231310,Sentinel-2A,2022-06-03T05:26:51.024000+00:00,154,1.86931,,,43RGM,1.0,0,1,1,1,1
2022,s2,S2B_MSIL2A_20220608T052649_R105_T43RGM_20220608T191546,Sentinel-2B,2022-06-08T05:26:49.024000+00:00,159,15.81382,,,43RGM,0.9141,0,1,1,1,1
2022,s2,S2A_MSIL2A_20220623T052701_R105_T43RGM_20220623T201944,Sentinel-2A,2022-06-23T05:27:01.024000+00:00,174,2.522805,,,43RGM,0.9421,0,1,1,1,1
2022,s2,S2A_MSIL2A_20220703T052701_R105_T43RGM_20220703T165241,Sentinel-2A,2022-07-03T05:27:01.024000+00:00,184,59.890211,,,43RGM,0.3428,1,0,0,1,0
2022,s2,S2B_MSIL2A_20220708T052649_R105_T43RGM_20220708T182421,Sentinel-2B,2022-07-08T05:26:49.024000+00:00,189,27.736357,,,43RGM,0.7828,1,0,0,1,0
2022,s2,S2A_MSIL2A_20220713T052701_R105_T43RGM_20220714T080924,Sentinel-2A,2022-07-13T05:27:01.024000+00:00,194,48.66721,,,43RGM,0.1451,1,0,0,1,0
2022,s2,S2B_MSIL2A_20220718T052649_R105_T43RGM_20220718T161459,Sentinel-2B,2022-07-18T05:26:49.024000+00:00,199,33.851334,,,43RGM,0.48,1,0,0,1,0
2022,s2,S2A_MSIL2A_20220305T052721_R105_T43RGN_20220305T204853,Sentinel-2A,2022-03-05T05:27:21.024000+00:00,64,8.6e-05,,,43RGN,1.0,0,0,1,0,0
2022,s2,S2B_MSIL2A_20220310T052649_R105_T43RGN_20220311T033241,Sentinel-2B,2022-03-10T05:26:49.024000+00:00,69,35.658139,,,43RGN,0.1993,0,0,1,0,0
2022,s2,S2A_MSIL2A_20220315T052651_R105_T43RGN_20220315T175942,Sentinel-2A,2022-03-15T05:26:51.024000+00:00,74,1e-05,,,43RGN,1.0,0,0,1,0,0
2022,s2,S2B_MSIL2A_20220320T052649_R105_T43RGN_20220320T193007,Sentinel-2B,2022-03-20T05:26:49.024000+00:00,79,0.474424,,,43RGN,0.7769,0,0,1,0,0
2022,s2,S2A_MSIL2A_20220325T052651_R105_T43RGN_20220325T161105,Sentinel-2A,2022-03-25T05:26:51.024000+00:00,84,0.000146,,,43RGN,1.0,0,0,1,0,0
2022,s2,S2B_MSIL2A_20220330T052639_R105_T43RGN_20240522T115955,Sentinel-2B,2022-03-30T05:26:39.024000+00:00,89,0.0001,,,43RGN,1.0,0,0,1,0,0
2022,s2,S2A_MSIL2A_20220404T052651_R105_T43RGN_20240526T065552,Sentinel-2A,2022-04-04T05:26:51.024000+00:00,94,0.017442,,,43RGN,0.9976,0,1,1,1,0
2022,s2,S2B_MSIL2A_20220409T052639_R105_T43RGN_20240526T142711,Sentinel-2B,2022-04-09T05:26:39.024000+00:00,99,4e-05,,,43RGN,1.0,0,1,1,1,0
2022,s2,S2A_MSIL2A_20220414T052651_R105_T43RGN_20220414T205447,Sentinel-2A,2022-04-14T05:26:51.024000+00:00,104,11.123805,,,43RGN,1.0,0,1,1,1,0
2022,s2,S2B_MSIL2A_20220419T052639_R105_T43RGN_20240609T162755,Sentinel-2B,2022-04-19T05:26:39.024000+00:00,109,6.6e-05,,,43RGN,1.0,0,1,1,1,0
2022,s2,S2A_MSIL2A_20220424T052651_R105_T43RGN_20220425T024631,Sentinel-2A,2022-04-24T05:26:51.024000+00:00,114,0.002077,,,43RGN,0.9999,0,1,1,1,0
2022,s2,S2B_MSIL2A_20220429T052639_R105_T43RGN_20220430T024454,Sentinel-2B,2022-04-29T05:26:39.024000+00:00,119,0.000285,,,43RGN,0.9999,0,1,1,1,0
2022,s2,S2A_MSIL2A_20220504T052651_R105_T43RGN_20220504T204538,Sentinel-2A,2022-05-04T05:26:51.024000+00:00,124,12.783806,,,43RGN,0.9181,0,1,1,1,1
2022,s2,S2B_MSIL2A_20220509T052639_R105_T43RGN_20240614T021054,Sentinel-2B,2022-05-09T05:26:39.024000+00:00,129,0.000896,,,43RGN,1.0,0,1,1,1,1
2022,s2,S2A_MSIL2A_20220514T052651_R105_T43RGN_20240629T020139,Sentinel-2A,2022-05-14T05:26:51.024000+00:00,134,9e-05,,,43RGN,1.0,0,1,1,1,1
2022,s2,S2B_MSIL2A_20220519T052649_R105_T43RGN_20220520T220032,Sentinel-2B,2022-05-19T05:26:49.024000+00:00,139,0.002508,,,43RGN,1.0,0,1,1,1,1
2022,s2,S2A_MSIL2A_20220524T052651_R105_T43RGN_20240629T003232,Sentinel-2A,2022-05-24T05:26:51.024000+00:00,144,25.863075,,,43RGN,0.3585,0,1,1,1,1
2022,s2,S2B_MSIL2A_20220529T052649_R105_T43RGN_20220529T221209,Sentinel-2B,2022-05-29T05:26:49.024000+00:00,149,0.000498,,,43RGN,1.0,0,1,1,1,1
2022,s2,S2A_MSIL2A_20220603T052651_R105_T43RGN_20220603T224850,Sentinel-2A,2022-06-03T05:26:51.024000+00:00,154,0.001463,,,43RGN,1.0,0,1,1,1,1
2022,s2,S2B_MSIL2A_20220608T052649_R105_T43RGN_20220608T174613,Sentinel-2B,2022-06-08T05:26:49.024000+00:00,159,4.817495,,,43RGN,1.0,0,1,1,1,1
2022,s2,S2A_MSIL2A_20220613T052701_R105_T43RGN_20240620T005617,Sentinel-2A,2022-06-13T05:27:01.024000+00:00,164,3.713588,,,43RGN,0.1074,0,1,1,1,1
2022,s2,S2A_MSIL2A_20220623T052701_R105_T43RGN_20220623T191308,Sentinel-2A,2022-06-23T05:27:01.024000+00:00,174,7.518867,,,43RGN,0.84,0,1,1,1,1
2022,s2,S2B_MSIL2A_20220708T052649_R105_T43RGN_20220708T175827,Sentinel-2B,2022-07-08T05:26:49.024000+00:00,189,48.260605,,,43RGN,0.9894,1,0,0,1,0
2022,s2,S2B_MSIL2A_20220718T052649_R105_T43RGN_20220718T172356,Sentinel-2B,2022-07-18T05:26:49.024000+00:00,199,38.427567,,,43RGN,0.6207,1,0,0,1,0
2023,landsat,LC08_L2SP_146041_20230728_02_T1,LC08,2023-07-28T05:19:03.361096+00:00,209,45.49,146,041,,,1,0,0,1,0
2023,landsat,LC08_L2SP_146040_20230728_02_T1,LC08,2023-07-28T05:18:39.465820+00:00,209,71.3,146,040,,,1,0,0,1,0
2023,landsat,LC09_L2SP_147040_20230727_02_T1,LC09,2023-07-27T05:24:39.149932+00:00,208,38.42,147,040,,,1,0,0,1,0
2023,landsat,LC09_L2SP_146041_20230720_02_T1,LC09,2023-07-20T05:18:51.078787+00:00,201,27.28,146,041,,,1,0,0,1,0
2023,landsat,LC09_L2SP_146040_20230720_02_T1,LC09,2023-07-20T05:18:27.183535+00:00,201,9.09,146,040,,,1,0,0,1,0
2023,landsat,LC08_L2SP_146041_20230712_02_T1,LC08,2023-07-12T05:18:56.996236+00:00,193,79.75,146,041,,,1,0,0,1,0
2023,landsat,LC09_L2SP_147040_20230711_02_T1,LC09,2023-07-11T05:24:37.025583+00:00,192,34.81,147,040,,,1,0,0,1,0
2023,landsat,LC09_L2SP_146041_20230704_02_T1,LC09,2023-07-04T05:18:45.968181+00:00,185,68.16,146,041,,,1,0,0,1,0
2023,landsat,LC09_L2SP_146040_20230704_02_T1,LC09,2023-07-04T05:18:22.068692+00:00,185,67.16,146,040,,,1,0,0,1,0
2023,landsat,LC08_L2SP_147040_20230703_02_T1,LC08,2023-07-03T05:24:39.896979+00:00,184,4.78,147,040,,,1,0,0,1,0
2023,landsat,LC08_L2SP_146041_20230626_02_T1,LC08,2023-06-26T05:18:46.974746+00:00,177,68.65,146,041,,,0,1,1,1,1
2023,landsat,LC08_L2SP_146040_20230626_02_T1,LC08,2023-06-26T05:18:23.079471+00:00,177,88.47,146,040,,,0,1,1,1,1
2023,landsat,LC09_L2SP_147040_20230625_02_T1,LC09,2023-06-25T05:24:20.711429+00:00,176,85.79,147,040,,,0,1,1,1,1
2023,landsat,LC09_L2SP_146041_20230618_02_T1,LC09,2023-06-18T05:18:34.365262+00:00,169,65.35,146,041,,,0,1,1,1,1
2023,landsat,LC09_L2SP_146040_20230618_02_T1,LC09,2023-06-18T05:18:10.470011+00:00,169,26.52,146,040,,,0,1,1,1,1
2023,landsat,LC08_L2SP_147040_20230617_02_T1,LC08,2023-06-17T05:24:29.900611+00:00,168,88.3,147,040,,,0,1,1,1,1
2023,landsat,LC08_L2SP_146041_20230610_02_T1,LC08,2023-06-10T05:18:40.307207+00:00,161,0.11,146,041,,,0,1,1,1,1
2023,landsat,LC08_L2SP_146040_20230610_02_T1,LC08,2023-06-10T05:18:16.416167+00:00,161,0.04,146,040,,,0,1,1,1,1
2023,landsat,LC09_L2SP_147040_20230609_02_T1,LC09,2023-06-09T05:24:26.489714+00:00,160,0.05,147,040,,,0,1,1,1,1
2023,landsat,LC09_L2SP_146041_20230602_02_T1,LC09,2023-06-02T05:18:43.057929+00:00,153,5.34,146,041,,,0,1,1,1,1
2023,landsat,LC09_L2SP_146040_20230602_02_T1,LC09,2023-06-02T05:18:19.166914+00:00,153,12.64,146,040,,,0,1,1,1,1
2023,landsat,LC08_L2SP_147040_20230601_02_T1,LC08,2023-06-01T05:24:20.305923+00:00,152,52.84,147,040,,,0,1,1,1,1
2023,landsat,LC08_L2SP_146041_20230525_02_T1,LC08,2023-05-25T05:18:33.348444+00:00,145,35.54,146,041,,,0,1,1,1,1
2023,landsat,LC08_L2SP_146040_20230525_02_T1,LC08,2023-05-25T05:18:09.453168+00:00,145,27.4,146,040,,,0,1,1,1,1
2023,landsat,LC09_L2SP_147040_20230524_02_T1,LC09,2023-05-24T05:24:30.598282+00:00,144,72.33,147,040,,,0,1,1,1,1
2023,landsat,LC09_L2SP_146041_20230517_02_T1,LC09,2023-05-17T05:18:50.474691+00:00,137,1.49,146,041,,,0,1,1,1,1
2023,landsat,LC09_L2SP_146040_20230517_02_T1,LC09,2023-05-17T05:18:26.587911+00:00,137,48.92,146,040,,,0,1,1,1,1
2023,landsat,LC08_L2SP_147040_20230516_02_T1,LC08,2023-05-16T05:24:17.851390+00:00,136,46.27,147,040,,,0,1,1,1,1
2023,landsat,LC08_L2SP_146041_20230509_02_T1,LC08,2023-05-09T05:18:36.315954+00:00,129,0.0,146,041,,,0,1,1,1,1
2023,landsat,LC08_L2SP_146040_20230509_02_T1,LC08,2023-05-09T05:18:12.424914+00:00,129,0.1,146,040,,,0,1,1,1,1
2023,landsat,LC09_L2SP_147040_20230508_02_T1,LC09,2023-05-08T05:24:41.099040+00:00,128,0.11,147,040,,,0,1,1,1,1
2023,landsat,LC09_L2SP_146041_20230501_02_T1,LC09,2023-05-01T05:18:58.048293+00:00,121,85.04,146,041,,,0,1,1,1,1
2023,landsat,LC08_L2SP_147040_20230430_02_T1,LC08,2023-04-30T05:24:30.972086+00:00,120,98.51,147,040,,,0,1,1,1,0
2023,landsat,LC09_L2SP_147040_20230422_02_T1,LC09,2023-04-22T05:24:52.484988+00:00,112,0.04,147,040,,,0,1,1,1,0
2023,landsat,LC09_L2SP_146041_20230415_02_T1,LC09,2023-04-15T05:19:05.647424+00:00,105,1.19,146,041,,,0,1,1,1,0
2023,landsat,LC09_L2SP_146040_20230415_02_T1,LC09,2023-04-15T05:18:41.752174+00:00,105,0.01,146,040,,,0,1,1,1,0
2023,landsat,LC08_L2SP_147040_20230414_02_T1,LC08,2023-04-14T05:24:35.298463+00:00,104,0.51,147,040,,,0,1,1,1,0
2023,landsat,LC08_L2SP_146041_20230407_02_T1,LC08,2023-04-07T05:18:54.275390+00:00,97,0.31,146,041,,,0,1,1,1,0
2023,landsat,LC08_L2SP_146040_20230407_02_T1,LC08,2023-04-07T05:18:30.388586+00:00,97,0.0,146,040,,,0,1,1,1,0
2023,landsat,LC09_L2SP_147040_20230406_02_T1,LC09,2023-04-06T05:24:58.652493+00:00,96,0.01,147,040,,,0,1,1,1,0
2023,landsat,LC09_L2SP_146041_20230330_02_T1,LC09,2023-03-30T05:19:11.988701+00:00,89,39.56,146,041,,,0,0,1,0,0
2023,landsat,LC09_L2SP_146040_20230330_02_T1,LC09,2023-03-30T05:18:48.097685+00:00,89,6.55,146,040,,,0,0,1,0,0
2023,landsat,LC08_L2SP_147040_20230329_02_T1,LC08,2023-03-29T05:24:50.494572+00:00,88,64.47,147,040,,,0,0,1,0,0
2023,landsat,LC08_L2SP_146041_20230322_02_T1,LC08,2023-03-22T05:19:06.681314+00:00,81,11.48,146,041,,,0,0,1,0,0
2023,landsat,LC08_L2SP_146040_20230322_02_T1,LC08,2023-03-22T05:18:42.790274+00:00,81,31.02,146,040,,,0,0,1,0,0
2023,landsat,LC09_L2SP_147040_20230321_02_T1,LC09,2023-03-21T05:25:08.666474+00:00,80,26.47,147,040,,,0,0,1,0,0
2023,landsat,LC08_L2SP_147040_20230313_02_T1,LC08,2023-03-13T05:25:00.424126+00:00,72,30.47,147,040,,,0,0,1,0,0
2023,landsat,LC09_L2SP_147040_20230305_02_T1,LC09,2023-03-05T05:25:15.075375+00:00,64,0.02,147,040,,,0,0,1,0,0
2023,s2,S2B_MSIL2A_20230305T052719_R105_T43RFM_20230305T102211,Sentinel-2B,2023-03-05T05:27:19.025000+00:00,64,0.00072,,,43RFM,1.0,0,0,1,0,0
2023,s2,S2A_MSIL2A_20230310T052641_R105_T43RFM_20230310T113046,Sentinel-2A,2023-03-10T05:26:41.024000+00:00,69,0.001131,,,43RFM,1.0,0,0,1,0,0
2023,s2,S2B_MSIL2A_20230315T052649_R105_T43RFM_20240822T150431,Sentinel-2B,2023-03-15T05:26:49.024000+00:00,74,59.452456,,,43RFM,0.867,0,0,1,0,0
2023,s2,S2B_MSIL2A_20230325T052649_R105_T43RFM_20230325T120050,Sentinel-2B,2023-03-25T05:26:49.024000+00:00,84,14.756376,,,43RFM,0.4205,0,0,1,0,0
2023,s2,S2A_MSIL2A_20230330T052641_R105_T43RFM_20230330T113931,Sentinel-2A,2023-03-30T05:26:41.024000+00:00,89,21.675415,,,43RFM,0.9917,0,0,1,0,0
2023,s2,S2B_MSIL2A_20230404T052649_R105_T43RFM_20240825T203015,Sentinel-2B,2023-04-04T05:26:49.024000+00:00,94,0.000322,,,43RFM,1.0,0,1,1,1,0
2023,s2,S2A_MSIL2A_20230409T052651_R105_T43RFM_20230409T112948,Sentinel-2A,2023-04-09T05:26:51.024000+00:00,99,0.000435,,,43RFM,1.0,0,1,1,1,0
2023,s2,S2B_MSIL2A_20230414T052649_R105_T43RFM_20230414T105402,Sentinel-2B,2023-04-14T05:26:49.024000+00:00,104,3.656521,,,43RFM,1.0,0,1,1,1,0
2023,s2,S2A_MSIL2A_20230419T052641_R105_T43RFM_20230419T161547,Sentinel-2A,2023-04-19T05:26:41.025000+00:00,109,58.434618,,,43RFM,0.2106,0,1,1,1,0
2023,s2,S2B_MSIL2A_20230424T052649_R105_T43RFM_20230424T223630,Sentinel-2B,2023-04-24T05:26:49.024000+00:00,114,12.428008,,,43RFM,0.7741,0,1,1,1,0
2023,s2,S2B_MSIL2A_20230504T052649_R105_T43RFM_20230504T141542,Sentinel-2B,2023-05-04T05:26:49.024000+00:00,124,1.630605,,,43RFM,1.0,0,1,1,1,1
2023,s2,S2A_MSIL2A_20230509T052641_R105_T43RFM_20230509T114651,Sentinel-2A,2023-05-09T05:26:41.024000+00:00,129,0.045753,,,43RFM,0.9999,0,1,1,1,1
2023,s2,S2A_MSIL2A_20230519T052651_R105_T43RFM_20230519T113829,Sentinel-2A,2023-05-19T05:26:51.024000+00:00,139,0.000667,,,43RFM,1.0,0,1,1,1,1
2023,s2,S2B_MSIL2A_20230603T052649_R105_T43RFM_20240927T070136,Sentinel-2B,2023-06-03T05:26:49.024000+00:00,154,0.02488,,,43RFM,1.0,0,1,1,1,1
2023,s2,S2A_MSIL2A_20230608T052651_R105_T43RFM_20240911T042714,Sentinel-2A,2023-06-08T05:26:51.024000+00:00,159,0.000571,,,43RFM,1.0,0,1,1,1,1
2023,s2,S2B_MSIL2A_20230613T052649_R105_T43RFM_20241003T060130,Sentinel-2B,2023-06-13T05:26:49.024000+00:00,164,0.000498,,,43RFM,1.0,0,1,1,1,1
2023,s2,S2B_MSIL2A_20230703T052649_R105_T43RFM_20230703T111035,Sentinel-2B,2023-07-03T05:26:49.024000+00:00,184,10.32547,,,43RFM,0.8877,1,0,0,1,0
2023,s2,S2B_MSIL2A_20230713T052649_R105_T43RFM_20230713T111156,Sentinel-2B,2023-07-13T05:26:49.024000+00:00,194,34.899652,,,43RFM,0.2225,1,0,0,1,0
2023,s2,S2B_MSIL2A_20230305T052719_R105_T43RFN_20240819T183418,Sentinel-2B,2023-03-05T05:27:19.025000+00:00,64,0.000126,,,43RFN,1.0,0,0,1,0,0
2023,s2,S2A_MSIL2A_20230310T052641_R105_T43RFN_20240824T200443,Sentinel-2A,2023-03-10T05:26:41.024000+00:00,69,0.000119,,,43RFN,1.0,0,0,1,0,0
2023,s2,S2B_MSIL2A_20230315T052649_R105_T43RFN_20230315T141135,Sentinel-2B,2023-03-15T05:26:49.024000+00:00,74,16.888577,,,43RFN,0.9823,0,0,1,0,0
2023,s2,S2B_MSIL2A_20230325T052649_R105_T43RFN_20230325T120116,Sentinel-2B,2023-03-25T05:26:49.024000+00:00,84,19.811802,,,43RFN,0.561,0,0,1,0,0
2023,s2,S2A_MSIL2A_20230330T052641_R105_T43RFN_20230330T113930,Sentinel-2A,2023-03-30T05:26:41.024000+00:00,89,2.600127,,,43RFN,1.0,0,0,1,0,0
2023,s2,S2B_MSIL2A_20230404T052649_R105_T43RFN_20230404T173850,Sentinel-2B,2023-04-04T05:26:49.024000+00:00,94,0.000279,,,43RFN,1.0,0,1,1,1,0
2023,s2,S2A_MSIL2A_20230409T052651_R105_T43RFN_20230409T122733,Sentinel-2A,2023-04-09T05:26:51.024000+00:00,99,0.000531,,,43RFN,1.0,0,1,1,1,0
2023,s2,S2B_MSIL2A_20230414T052649_R105_T43RFN_20230414T113928,Sentinel-2B,2023-04-14T05:26:49.024000+00:00,104,0.017216,,,43RFN,1.0,0,1,1,1,0
2023,s2,S2B_MSIL2A_20230424T052649_R105_T43RFN_20230424T223634,Sentinel-2B,2023-04-24T05:26:49.024000+00:00,114,50.447071,,,43RFN,0.785,0,1,1,1,0
2023,s2,S2B_MSIL2A_20230504T052649_R105_T43RFN_20241012T013634,Sentinel-2B,2023-05-04T05:26:49.024000+00:00,124,0.000315,,,43RFN,1.0,0,1,1,1,1
2023,s2,S2A_MSIL2A_20230509T052641_R105_T43RFN_20230509T112039,Sentinel-2A,2023-05-09T05:26:41.024000+00:00,129,0.000846,,,43RFN,1.0,0,1,1,1,1
2023,s2,S2A_MSIL2A_20230519T052651_R105_T43RFN_20230519T113335,Sentinel-2A,2023-05-19T05:26:51.024000+00:00,139,0.000385,,,43RFN,0.9999,0,1,1,1,1
2023,s2,S2A_MSIL2A_20230529T052651_R105_T43RFN_20230529T105318,Sentinel-2A,2023-05-29T05:26:51.024000+00:00,149,56.839931,,,43RFN,1.0,0,1,1,1,1
2023,s2,S2B_MSIL2A_20230603T052649_R105_T43RFN_20230603T105838,Sentinel-2B,2023-06-03T05:26:49.024000+00:00,154,0.047687,,,43RFN,1.0,0,1,1,1,1
2023,s2,S2A_MSIL2A_20230608T052651_R105_T43RFN_20240911T042714,Sentinel-2A,2023-06-08T05:26:51.024000+00:00,159,0.004691,,,43RFN,1.0,0,1,1,1,1
2023,s2,S2B_MSIL2A_20230613T052649_R105_T43RFN_20241003T060130,Sentinel-2B,2023-06-13T05:26:49.024000+00:00,164,1.786285,,,43RFN,1.0,0,1,1,1,1
2023,s2,S2A_MSIL2A_20230618T052651_R105_T43RFN_20230618T141545,Sentinel-2A,2023-06-18T05:26:51.024000+00:00,169,49.813375,,,43RFN,0.0759,0,1,1,1,1
2023,s2,S2B_MSIL2A_20230703T052649_R105_T43RFN_20230703T111034,Sentinel-2B,2023-07-03T05:26:49.024000+00:00,184,16.822055,,,43RFN,0.7339,1,0,0,1,0
2023,s2,S2B_MSIL2A_20230723T052649_R105_T43RFN_20230723T111129,Sentinel-2B,2023-07-23T05:26:49.024000+00:00,204,57.908094,,,43RFN,0.624,1,0,0,1,0
2023,s2,S2B_MSIL2A_20230305T052719_R105_T43RGM_20230305T102320,Sentinel-2B,2023-03-05T05:27:19.025000+00:00,64,5.767549,,,43RGM,1.0,0,0,1,0,0
2023,s2,S2A_MSIL2A_20230310T052641_R105_T43RGM_20240824T200443,Sentinel-2A,2023-03-10T05:26:41.024000+00:00,69,0.000262,,,43RGM,1.0,0,0,1,0,0
2023,s2,S2B_MSIL2A_20230315T052649_R105_T43RGM_20230315T141143,Sentinel-2B,2023-03-15T05:26:49.024000+00:00,74,22.829711,,,43RGM,0.9343,0,0,1,0,0
2023,s2,S2B_MSIL2A_20230325T052649_R105_T43RGM_20230325T115535,Sentinel-2B,2023-03-25T05:26:49.024000+00:00,84,8.407325,,,43RGM,0.3946,0,0,1,0,0
2023,s2,S2A_MSIL2A_20230330T052641_R105_T43RGM_20230330T113933,Sentinel-2A,2023-03-30T05:26:41.024000+00:00,89,10.099339,,,43RGM,0.9992,0,0,1,0,0
2023,s2,S2B_MSIL2A_20230404T052649_R105_T43RGM_20240825T203015,Sentinel-2B,2023-04-04T05:26:49.024000+00:00,94,0.00071,,,43RGM,1.0,0,1,1,1,0
2023,s2,S2A_MSIL2A_20230409T052651_R105_T43RGM_20230409T112927,Sentinel-2A,2023-04-09T05:26:51.024000+00:00,99,0.000392,,,43RGM,1.0,0,1,1,1,0
2023,s2,S2B_MSIL2A_20230414T052649_R105_T43RGM_20230414T105154,Sentinel-2B,2023-04-14T05:26:49.024000+00:00,104,19.074111,,,43RGM,1.0,0,1,1,1,0
2023,s2,S2A_MSIL2A_20230419T052641_R105_T43RGM_20230419T154830,Sentinel-2A,2023-04-19T05:26:41.025000+00:00,109,25.418186,,,43RGM,0.6691,0,1,1,1,0
2023,s2,S2B_MSIL2A_20230424T052649_R105_T43RGM_20230424T213110,Sentinel-2B,2023-04-24T05:26:49.024000+00:00,114,58.930528,,,43RGM,0.8296,0,1,1,1,0
2023,s2,S2B_MSIL2A_20230504T052649_R105_T43RGM_20241012T013634,Sentinel-2B,2023-05-04T05:26:49.024000+00:00,124,1.634441,,,43RGM,0.9993,0,1,1,1,1
2023,s2,S2A_MSIL2A_20230509T052641_R105_T43RGM_20230509T115242,Sentinel-2A,2023-05-09T05:26:41.024000+00:00,129,0.001118,,,43RGM,1.0,0,1,1,1,1
2023,s2,S2A_MSIL2A_20230519T052651_R105_T43RGM_20230519T113046,Sentinel-2A,2023-05-19T05:26:51.024000+00:00,139,0.001111,,,43RGM,1.0,0,1,1,1,1
2023,s2,S2A_MSIL2A_20230529T052651_R105_T43RGM_20230529T112321,Sentinel-2A,2023-05-29T05:26:51.024000+00:00,149,3.37055,,,43RGM,0.9963,0,1,1,1,1
2023,s2,S2B_MSIL2A_20230603T052649_R105_T43RGM_20240927T070136,Sentinel-2B,2023-06-03T05:26:49.024000+00:00,154,1.85574,,,43RGM,1.0,0,1,1,1,1
2023,s2,S2A_MSIL2A_20230608T052651_R105_T43RGM_20240911T042714,Sentinel-2A,2023-06-08T05:26:51.024000+00:00,159,0.000206,,,43RGM,1.0,0,1,1,1,1
2023,s2,S2B_MSIL2A_20230613T052649_R105_T43RGM_20230613T104535,Sentinel-2B,2023-06-13T05:26:49.024000+00:00,164,0.039661,,,43RGM,1.0,0,1,1,1,1
2023,s2,S2A_MSIL2A_20230618T052651_R105_T43RGM_20240926T040121,Sentinel-2A,2023-06-18T05:26:51.024000+00:00,169,40.581596,,,43RGM,0.3051,0,1,1,1,1
2023,s2,S2A_MSIL2A_20230628T052651_R105_T43RGM_20230628T114031,Sentinel-2A,2023-06-28T05:26:51.024000+00:00,179,48.687398,,,43RGM,0.4752,0,1,1,1,1
2023,s2,S2B_MSIL2A_20230703T052649_R105_T43RGM_20230703T104726,Sentinel-2B,2023-07-03T05:26:49.024000+00:00,184,34.340814,,,43RGM,0.6222,1,0,0,1,0
2023,s2,S2B_MSIL2A_20230305T052719_R105_T43RGN_20240819T183418,Sentinel-2B,2023-03-05T05:27:19.025000+00:00,64,3e-06,,,43RGN,1.0,0,0,1,0,0
2023,s2,S2A_MSIL2A_20230310T052641_R105_T43RGN_20230310T112711,Sentinel-2A,2023-03-10T05:26:41.024000+00:00,69,0.000275,,,43RGN,1.0,0,0,1,0,0
2023,s2,S2B_MSIL2A_20230315T052649_R105_T43RGN_20230315T141133,Sentinel-2B,2023-03-15T05:26:49.024000+00:00,74,15.044877,,,43RGN,0.0001,0,0,1,0,0
2023,s2,S2B_MSIL2A_20230325T052649_R105_T43RGN_20230325T115658,Sentinel-2B,2023-03-25T05:26:49.024000+00:00,84,26.931116,,,43RGN,0.5263,0,0,1,0,0
2023,s2,S2A_MSIL2A_20230330T052641_R105_T43RGN_20230330T104317,Sentinel-2A,2023-03-30T05:26:41.024000+00:00,89,9.504939,,,43RGN,1.0,0,0,1,0,0
2023,s2,S2B_MSIL2A_20230404T052649_R105_T43RGN_20230404T173850,Sentinel-2B,2023-04-04T05:26:49.024000+00:00,94,5.932913,,,43RGN,1.0,0,1,1,1,0
2023,s2,S2A_MSIL2A_20230409T052651_R105_T43RGN_20230409T122733,Sentinel-2A,2023-04-09T05:26:51.024000+00:00,99,0.000488,,,43RGN,1.0,0,1,1,1,0
2023,s2,S2B_MSIL2A_20230414T052649_R105_T43RGN_20230414T105143,Sentinel-2B,2023-04-14T05:26:49.024000+00:00,104,0.058487,,,43RGN,1.0,0,1,1,1,0
2023,s2,S2A_MSIL2A_20230419T052641_R105_T43RGN_20230419T131739,Sentinel-2A,2023-04-19T05:26:41.025000+00:00,109,57.960898,,,43RGN,0.7687,0,1,1,1,0
2023,s2,S2B_MSIL2A_20230504T052649_R105_T43RGN_20230504T141333,Sentinel-2B,2023-05-04T05:26:49.024000+00:00,124,0.063145,,,43RGN,1.0,0,1,1,1,1
2023,s2,S2A_MSIL2A_20230509T052641_R105_T43RGN_20230509T114142,Sentinel-2A,2023-05-09T05:26:41.024000+00:00,129,0.000259,,,43RGN,1.0,0,1,1,1,1
2023,s2,S2A_MSIL2A_20230519T052651_R105_T43RGN_20230519T114337,Sentinel-2A,2023-05-19T05:26:51.024000+00:00,139,0.000159,,,43RGN,1.0,0,1,1,1,1
2023,s2,S2A_MSIL2A_20230529T052651_R105_T43RGN_20230529T112320,Sentinel-2A,2023-05-29T05:26:51.024000+00:00,149,6.666873,,,43RGN,1.0,0,1,1,1,1
2023,s2,S2B_MSIL2A_20230603T052649_R105_T43RGN_20240927T070136,Sentinel-2B,2023-06-03T05:26:49.024000+00:00,154,3.406734,,,43RGN,1.0,0,1,1,1,1
2023,s2,S2A_MSIL2A_20230608T052651_R105_T43RGN_20240911T042714,Sentinel-2A,2023-06-08T05:26:51.024000+00:00,159,0.0,,,43RGN,1.0,0,1,1,1,1
2023,s2,S2B_MSIL2A_20230613T052649_R105_T43RGN_20230613T104533,Sentinel-2B,2023-06-13T05:26:49.024000+00:00,164,2.720724,,,43RGN,1.0,0,1,1,1,1
2023,s2,S2A_MSIL2A_20230618T052651_R105_T43RGN_20230618T143531,Sentinel-2A,2023-06-18T05:26:51.024000+00:00,169,25.882843,,,43RGN,0.6661,0,1,1,1,1
2023,s2,S2B_MSIL2A_20230703T052649_R105_T43RGN_20230703T112140,Sentinel-2B,2023-07-03T05:26:49.024000+00:00,184,51.263094,,,43RGN,0.4115,1,0,0,1,0
2024,landsat,LC08_L2SP_146041_20240730_02_T1,LC08,2024-07-30T05:18:52.144423+00:00,212,37.55,146,041,,,1,0,0,1,0
2024,landsat,LC08_L2SP_146040_20240730_02_T1,LC08,2024-07-30T05:18:28.249146+00:00,212,30.28,146,040,,,1,0,0,1,0
2024,landsat,LC09_L2SP_147040_20240729_02_T1,LC09,2024-07-29T05:24:29.482563+00:00,211,34.84,147,040,,,1,0,0,1,0
2024,landsat,LC09_L2SP_146041_20240722_02_T1,LC09,2024-07-22T05:18:41.583191+00:00,204,55.1,146,041,,,1,0,0,1,0
2024,landsat,LC09_L2SP_146040_20240722_02_T1,LC09,2024-07-22T05:18:17.687940+00:00,204,65.69,146,040,,,1,0,0,1,0
2024,landsat,LC08_L2SP_147040_20240721_02_T1,LC08,2024-07-21T05:24:37.103102+00:00,203,29.34,147,040,,,1,0,0,1,0
2024,landsat,LC08_L2SP_146041_20240714_02_T1,LC08,2024-07-14T05:18:42.250980+00:00,196,14.02,146,041,,,1,0,0,1,0
2024,landsat,LC08_L2SP_146040_20240714_02_T1,LC08,2024-07-14T05:18:18.351468+00:00,196,29.8,146,040,,,1,0,0,1,0
2024,landsat,LC09_L2SP_147040_20240713_02_T1,LC09,2024-07-13T05:24:26.964143+00:00,195,58.47,147,040,,,1,0,0,1,0
2024,landsat,LC08_L2SP_147040_20240705_02_T1,LC08,2024-07-05T05:24:21.699949+00:00,187,75.15,147,040,,,1,0,0,1,0
2024,landsat,LC08_L2SP_146040_20240628_02_T1,LC08,2024-06-28T05:18:08.290302+00:00,180,90.49,146,040,,,0,1,1,1,1
2024,landsat,LC09_L2SP_147040_20240627_02_T1,LC09,2024-06-27T05:24:05.159876+00:00,179,47.54,147,040,,,0,1,1,1,1
2024,landsat,LC09_L2SP_146041_20240620_02_T1,LC09,2024-06-20T05:18:21.175007+00:00,172,19.5,146,041,,,0,1,1,1,1
2024,landsat,LC09_L2SP_146040_20240620_02_T1,LC09,2024-06-20T05:17:57.283993+00:00,172,61.61,146,040,,,0,1,1,1,1
2024,landsat,LC08_L2SP_147040_20240619_02_T1,LC08,2024-06-19T05:24:13.523411+00:00,171,0.85,147,040,,,0,1,1,1,1
2024,landsat,LC09_L2SP_147040_20240611_02_T1,LC09,2024-06-11T05:24:20.039405+00:00,163,0.2,147,040,,,0,1,1,1,1
2024,landsat,LC09_L2SP_146041_20240604_02_T1,LC09,2024-06-04T05:18:37.028585+00:00,156,0.95,146,041,,,0,1,1,1,1
2024,landsat,LC09_L2SP_146040_20240604_02_T1,LC09,2024-06-04T05:18:13.133333+00:00,156,31.21,146,040,,,0,1,1,1,1
2024,landsat,LC08_L2SP_147040_20240603_02_T1,LC08,2024-06-03T05:24:06.216170+00:00,155,0.0,147,040,,,0,1,1,1,1
2024,landsat,LC08_L2SP_146041_20240527_02_T1,LC08,2024-05-27T05:18:18.058195+00:00,148,0.0,146,041,,,0,1,1,1,1
2024,landsat,LC08_L2SP_146040_20240527_02_T1,LC08,2024-05-27T05:17:54.167154+00:00,148,0.03,146,040,,,0,1,1,1,1
2024,landsat,LC09_L2SP_147040_20240526_02_T1,LC09,2024-05-26T05:24:25.967846+00:00,147,0.0,147,040,,,0,1,1,1,1
2024,landsat,LC09_L2SP_146041_20240519_02_T1,LC09,2024-05-19T05:18:43.215140+00:00,140,0.0,146,041,,,0,1,1,1,1
2024,landsat,LC09_L2SP_146040_20240519_02_T1,LC09,2024-05-19T05:18:19.319888+00:00,140,2.31,146,040,,,0,1,1,1,1
2024,landsat,LC08_L2SP_147040_20240518_02_T1,LC08,2024-05-18T05:24:09.118920+00:00,139,0.0,147,040,,,0,1,1,1,1
2024,landsat,LC08_L2SP_146041_20240511_02_T1,LC08,2024-05-11T05:18:29.911667+00:00,132,52.17,146,041,,,0,1,1,1,1
2024,landsat,LC08_L2SP_146040_20240511_02_T1,LC08,2024-05-11T05:18:06.024863+00:00,132,19.47,146,040,,,0,1,1,1,1
2024,landsat,LC09_L2SP_147040_20240510_02_T1,LC09,2024-05-10T05:24:38.016997+00:00,131,0.81,147,040,,,0,1,1,1,1
2024,landsat,LC09_L2SP_146041_20240503_02_T1,LC09,2024-05-03T05:18:50.728184+00:00,124,1.67,146,041,,,0,1,1,1,1
2024,landsat,LC09_L2SP_146040_20240503_02_T1,LC09,2024-05-03T05:18:26.837170+00:00,124,22.48,146,040,,,0,1,1,1,1
2024,landsat,LC08_L2SP_147040_20240502_02_T1,LC08,2024-05-02T05:24:21.701418+00:00,123,0.91,147,040,,,0,1,1,1,1
2024,landsat,LC08_L2SP_146041_20240425_02_T1,LC08,2024-04-25T05:18:41.749681+00:00,116,0.5,146,041,,,0,1,1,1,0
2024,landsat,LC08_L2SP_146040_20240425_02_T1,LC08,2024-04-25T05:18:17.858640+00:00,116,0.06,146,040,,,0,1,1,1,0
2024,landsat,LC09_L2SP_147040_20240424_02_T1,LC09,2024-04-24T05:24:39.002898+00:00,115,0.0,147,040,,,0,1,1,1,0
2024,landsat,LC09_L2SP_146041_20240417_02_T1,LC09,2024-04-17T05:19:05.769138+00:00,108,0.18,146,041,,,0,1,1,1,0
2024,landsat,LC09_L2SP_146040_20240417_02_T1,LC09,2024-04-17T05:18:41.878122+00:00,108,0.05,146,040,,,0,1,1,1,0
2024,landsat,LC08_L2SP_147040_20240416_02_T1,LC08,2024-04-16T05:24:33.078302+00:00,107,8.3,147,040,,,0,1,1,1,0
2024,landsat,LC08_L2SP_146041_20240409_02_T1,LC08,2024-04-09T05:18:50.644330+00:00,100,48.02,146,041,,,0,1,1,1,0
2024,landsat,LC08_L2SP_146040_20240409_02_T1,LC08,2024-04-09T05:18:26.749054+00:00,100,50.65,146,040,,,0,1,1,1,0
2024,landsat,LC09_L2SP_147040_20240408_02_T1,LC09,2024-04-08T05:25:00.575857+00:00,99,0.0,147,040,,,0,1,1,1,0
2024,landsat,LC09_L2SP_146041_20240401_02_T1,LC09,2024-04-01T05:19:15.676234+00:00,92,44.15,146,041,,,0,1,1,1,0
2024,landsat,LC09_L2SP_146040_20240401_02_T1,LC09,2024-04-01T05:18:51.785219+00:00,92,53.73,146,040,,,0,1,1,1,0
2024,landsat,LC08_L2SP_147040_20240331_02_T1,LC08,2024-03-31T05:24:38.437508+00:00,91,0.39,147,040,,,0,0,1,0,0
2024,landsat,LC08_L2SP_146041_20240324_02_T1,LC08,2024-03-24T05:18:56.178360+00:00,84,46.92,146,041,,,0,0,1,0,0
2024,landsat,LC08_L2SP_146040_20240324_02_T1,LC08,2024-03-24T05:18:32.291554+00:00,84,89.0,146,040,,,0,0,1,0,0
2024,landsat,LC09_L2SP_147040_20240323_02_T1,LC09,2024-03-23T05:25:09.181851+00:00,83,1.41,147,040,,,0,0,1,0,0
2024,landsat,LC09_L2SP_146041_20240316_02_T1,LC09,2024-03-16T05:19:24.501925+00:00,76,67.01,146,041,,,0,0,1,0,0
2024,landsat,LC09_L2SP_146040_20240316_02_T1,LC09,2024-03-16T05:19:00.606675+00:00,76,41.84,146,040,,,0,0,1,0,0
2024,landsat,LC08_L2SP_147040_20240315_02_T1,LC08,2024-03-15T05:24:51.481898+00:00,75,0.03,147,040,,,0,0,1,0,0
2024,landsat,LC08_L2SP_146041_20240308_02_T1,LC08,2024-03-08T05:19:06.775113+00:00,68,0.03,146,041,,,0,0,1,0,0
2024,landsat,LC08_L2SP_146040_20240308_02_T1,LC08,2024-03-08T05:18:42.879836+00:00,68,0.03,146,040,,,0,0,1,0,0
2024,landsat,LC09_L2SP_147040_20240307_02_T1,LC09,2024-03-07T05:25:13.111092+00:00,67,6.94,147,040,,,0,0,1,0,0
2024,s2,S2A_MSIL2A_20240304T052721_R105_T43RFM_20240304T111934,Sentinel-2A,2024-03-04T05:27:21.024000+00:00,64,15.466136,,,43RFM,0.8824,0,0,1,0,0
2024,s2,S2B_MSIL2A_20240309T052639_R105_T43RFM_20240309T092738,Sentinel-2B,2024-03-09T05:26:39.024000+00:00,69,1.984187,,,43RFM,0.9751,0,0,1,0,0
2024,s2,S2A_MSIL2A_20240314T052641_R105_T43RFM_20240314T104206,Sentinel-2A,2024-03-14T05:26:41.024000+00:00,74,0.080637,,,43RFM,0.9996,0,0,1,0,0
2024,s2,S2B_MSIL2A_20240319T052649_R105_T43RFM_20240319T092538,Sentinel-2B,2024-03-19T05:26:49.024000+00:00,79,0.000355,,,43RFM,1.0,0,0,1,0,0
2024,s2,S2B_MSIL2A_20240329T052649_R105_T43RFM_20240330T074907,Sentinel-2B,2024-03-29T05:26:49.024000+00:00,89,34.674478,,,43RFM,0.6236,0,0,1,0,0
2024,s2,S2B_MSIL2A_20240408T052649_R105_T43RFM_20240408T093133,Sentinel-2B,2024-04-08T05:26:49.024000+00:00,99,0.000368,,,43RFM,1.0,0,1,1,1,0
2024,s2,S2A_MSIL2A_20240413T052651_R105_T43RFM_20240413T164722,Sentinel-2A,2024-04-13T05:26:51.024000+00:00,104,58.553714,,,43RFM,0.0692,0,1,1,1,0
2024,s2,S2B_MSIL2A_20240418T052649_R105_T43RFM_20240418T094551,Sentinel-2B,2024-04-18T05:26:49.024000+00:00,109,13.234624,,,43RFM,0.8099,0,1,1,1,0
2024,s2,S2A_MSIL2A_20240423T052651_R105_T43RFM_20240423T111845,Sentinel-2A,2024-04-23T05:26:51.024000+00:00,114,41.211045,,,43RFM,0.8751,0,1,1,1,0
2024,s2,S2B_MSIL2A_20240428T052649_R105_T43RFM_20240428T094757,Sentinel-2B,2024-04-28T05:26:49.024000+00:00,119,36.438274,,,43RFM,0.227,0,1,1,1,0
2024,s2,S2A_MSIL2A_20240503T052651_R105_T43RFM_20240503T103234,Sentinel-2A,2024-05-03T05:26:51.024000+00:00,124,52.958775,,,43RFM,0.0786,0,1,1,1,1
2024,s2,S2B_MSIL2A_20240508T052649_R105_T43RFM_20240508T093836,Sentinel-2B,2024-05-08T05:26:49.024000+00:00,129,0.000342,,,43RFM,1.0,0,1,1,1,1
2024,s2,S2A_MSIL2A_20240513T052651_R105_T43RFM_20240513T152547,Sentinel-2A,2024-05-13T05:26:51.024000+00:00,134,3.497148,,,43RFM,0.9944,0,1,1,1,1
2024,s2,S2B_MSIL2A_20240518T052649_R105_T43RFM_20240518T091057,Sentinel-2B,2024-05-18T05:26:49.024000+00:00,139,0.000355,,,43RFM,1.0,0,1,1,1,1
2024,s2,S2A_MSIL2A_20240523T052641_R105_T43RFM_20240523T115308,Sentinel-2A,2024-05-23T05:26:41.024000+00:00,144,0.025279,,,43RFM,0.9995,0,1,1,1,1
2024,s2,S2B_MSIL2A_20240528T052649_R105_T43RFM_20240528T132006,Sentinel-2B,2024-05-28T05:26:49.024000+00:00,149,0.000677,,,43RFM,1.0,0,1,1,1,1
2024,s2,S2A_MSIL2A_20240602T052651_R105_T43RFM_20240602T121325,Sentinel-2A,2024-06-02T05:26:51.024000+00:00,154,1.410938,,,43RFM,0.9999,0,1,1,1,1
2024,s2,S2B_MSIL2A_20240607T052649_R105_T43RFM_20240607T094006,Sentinel-2B,2024-06-07T05:26:49.024000+00:00,159,17.06425,,,43RFM,0.9068,0,1,1,1,1
2024,s2,S2A_MSIL2A_20240612T052651_R105_T43RFM_20240612T103340,Sentinel-2A,2024-06-12T05:26:51.024000+00:00,164,0.202173,,,43RFM,1.0,0,1,1,1,1
2024,s2,S2B_MSIL2A_20240617T052649_R105_T43RFM_20240617T094438,Sentinel-2B,2024-06-17T05:26:49.024000+00:00,169,6.869307,,,43RFM,1.0,0,1,1,1,1
2024,s2,S2A_MSIL2A_20240622T052751_R105_T43RFM_20240622T103247,Sentinel-2A,2024-06-22T05:27:51.024000+00:00,174,27.161855,,,43RFM,0.6602,0,1,1,1,1
2024,s2,S2B_MSIL2A_20240717T052649_R105_T43RFM_20240717T095733,Sentinel-2B,2024-07-17T05:26:49.024000+00:00,199,57.88489,,,43RFM,0.3576,1,0,0,1,0
2024,s2,S2A_MSIL2A_20240722T052651_R105_T43RFM_20240722T140008,Sentinel-2A,2024-07-22T05:26:51.024000+00:00,204,58.211714,,,43RFM,0.0872,1,0,0,1,0
2024,s2,S2A_MSIL2A_20240304T052721_R105_T43RFN_20240304T111950,Sentinel-2A,2024-03-04T05:27:21.024000+00:00,64,38.941169,,,43RFN,0.9709,0,0,1,0,0
2024,s2,S2B_MSIL2A_20240309T052639_R105_T43RFN_20240309T093234,Sentinel-2B,2024-03-09T05:26:39.024000+00:00,69,0.012996,,,43RFN,1.0,0,0,1,0,0
2024,s2,S2A_MSIL2A_20240314T052641_R105_T43RFN_20240314T104316,Sentinel-2A,2024-03-14T05:26:41.024000+00:00,74,0.883607,,,43RFN,0.9999,0,0,1,0,0
2024,s2,S2B_MSIL2A_20240319T052649_R105_T43RFN_20240319T094840,Sentinel-2B,2024-03-19T05:26:49.024000+00:00,79,8.951122,,,43RFN,1.0,0,0,1,0,0
2024,s2,S2B_MSIL2A_20240329T052649_R105_T43RFN_20240330T074520,Sentinel-2B,2024-03-29T05:26:49.024000+00:00,89,38.390046,,,43RFN,0.747,0,0,1,0,0
2024,s2,S2B_MSIL2A_20240408T052649_R105_T43RFN_20240408T093721,Sentinel-2B,2024-04-08T05:26:49.024000+00:00,99,0.000249,,,43RFN,1.0,0,1,1,1,0
2024,s2,S2B_MSIL2A_20240418T052649_R105_T43RFN_20240418T094238,Sentinel-2B,2024-04-18T05:26:49.024000+00:00,109,23.262846,,,43RFN,0.5219,0,1,1,1,0
2024,s2,S2B_MSIL2A_20240508T052649_R105_T43RFN_20240508T093423,Sentinel-2B,2024-05-08T05:26:49.024000+00:00,129,0.0,,,43RFN,1.0,0,1,1,1,1
2024,s2,S2A_MSIL2A_20240513T052651_R105_T43RFN_20240513T152907,Sentinel-2A,2024-05-13T05:26:51.024000+00:00,134,0.09558,,,43RFN,0.9867,0,1,1,1,1
2024,s2,S2B_MSIL2A_20240518T052649_R105_T43RFN_20240518T091056,Sentinel-2B,2024-05-18T05:26:49.024000+00:00,139,0.000146,,,43RFN,1.0,0,1,1,1,1
2024,s2,S2A_MSIL2A_20240523T052641_R105_T43RFN_20240523T115452,Sentinel-2A,2024-05-23T05:26:41.024000+00:00,144,0.01009,,,43RFN,0.9981,0,1,1,1,1
2024,s2,S2B_MSIL2A_20240528T052649_R105_T43RFN_20240528T133756,Sentinel-2B,2024-05-28T05:26:49.024000+00:00,149,0.000421,,,43RFN,1.0,0,1,1,1,1
2024,s2,S2A_MSIL2A_20240602T052651_R105_T43RFN_20240602T121958,Sentinel-2A,2024-06-02T05:26:51.024000+00:00,154,0.000143,,,43RFN,1.0,0,1,1,1,1
2024,s2,S2B_MSIL2A_20240607T052649_R105_T43RFN_20240607T093530,Sentinel-2B,2024-06-07T05:26:49.024000+00:00,159,5.981629,,,43RFN,1.0,0,1,1,1,1
2024,s2,S2A_MSIL2A_20240612T052651_R105_T43RFN_20240612T101643,Sentinel-2A,2024-06-12T05:26:51.024000+00:00,164,0.11996,,,43RFN,1.0,0,1,1,1,1
2024,s2,S2B_MSIL2A_20240617T052649_R105_T43RFN_20240617T101334,Sentinel-2B,2024-06-17T05:26:49.024000+00:00,169,1.492427,,,43RFN,1.0,0,1,1,1,1
2024,s2,S2A_MSIL2A_20240622T052751_R105_T43RFN_20240622T103448,Sentinel-2A,2024-06-22T05:27:51.024000+00:00,174,49.586356,,,43RFN,0.3522,0,1,1,1,1
2024,s2,S2A_MSIL2A_20240304T052721_R105_T43RGM_20240304T111949,Sentinel-2A,2024-03-04T05:27:21.024000+00:00,64,5.567569,,,43RGM,0.852,0,0,1,0,0
2024,s2,S2B_MSIL2A_20240309T052639_R105_T43RGM_20240309T093636,Sentinel-2B,2024-03-09T05:26:39.024000+00:00,69,0.491229,,,43RGM,0.9997,0,0,1,0,0
2024,s2,S2A_MSIL2A_20240314T052641_R105_T43RGM_20240314T103943,Sentinel-2A,2024-03-14T05:26:41.024000+00:00,74,0.217013,,,43RGM,0.9927,0,0,1,0,0
2024,s2,S2B_MSIL2A_20240319T052649_R105_T43RGM_20240319T094507,Sentinel-2B,2024-03-19T05:26:49.024000+00:00,79,2.392656,,,43RGM,1.0,0,0,1,0,0
2024,s2,S2B_MSIL2A_20240329T052649_R105_T43RGM_20240330T075009,Sentinel-2B,2024-03-29T05:26:49.024000+00:00,89,34.241331,,,43RGM,0.6492,0,0,1,0,0
2024,s2,S2B_MSIL2A_20240408T052649_R105_T43RGM_20240408T091553,Sentinel-2B,2024-04-08T05:26:49.024000+00:00,99,0.000335,,,43RGM,1.0,0,1,1,1,0
2024,s2,S2B_MSIL2A_20240418T052649_R105_T43RGM_20240418T093221,Sentinel-2B,2024-04-18T05:26:49.024000+00:00,109,5.637005,,,43RGM,0.8434,0,1,1,1,0
2024,s2,S2A_MSIL2A_20240423T052651_R105_T43RGM_20240423T111832,Sentinel-2A,2024-04-23T05:26:51.024000+00:00,114,0.351226,,,43RGM,0.9726,0,1,1,1,0
2024,s2,S2B_MSIL2A_20240428T052649_R105_T43RGM_20240428T094757,Sentinel-2B,2024-04-28T05:26:49.024000+00:00,119,56.658447,,,43RGM,0.044,0,1,1,1,0
2024,s2,S2B_MSIL2A_20240508T052649_R105_T43RGM_20240508T092240,Sentinel-2B,2024-05-08T05:26:49.024000+00:00,129,0.000766,,,43RGM,1.0,0,1,1,1,1
2024,s2,S2A_MSIL2A_20240513T052651_R105_T43RGM_20240513T152550,Sentinel-2A,2024-05-13T05:26:51.024000+00:00,134,0.130806,,,43RGM,0.988,0,1,1,1,1
2024,s2,S2B_MSIL2A_20240518T052649_R105_T43RGM_20240518T091102,Sentinel-2B,2024-05-18T05:26:49.024000+00:00,139,3e-06,,,43RGM,1.0,0,1,1,1,1
2024,s2,S2A_MSIL2A_20240523T052641_R105_T43RGM_20240523T115251,Sentinel-2A,2024-05-23T05:26:41.024000+00:00,144,0.011075,,,43RGM,1.0,0,1,1,1,1
2024,s2,S2B_MSIL2A_20240528T052649_R105_T43RGM_20240528T135227,Sentinel-2B,2024-05-28T05:26:49.024000+00:00,149,0.000541,,,43RGM,1.0,0,1,1,1,1
2024,s2,S2A_MSIL2A_20240602T052651_R105_T43RGM_20240602T120647,Sentinel-2A,2024-06-02T05:26:51.024000+00:00,154,14.870329,,,43RGM,0.9794,0,1,1,1,1
2024,s2,S2B_MSIL2A_20240607T052649_R105_T43RGM_20240607T093931,Sentinel-2B,2024-06-07T05:26:49.024000+00:00,159,14.642407,,,43RGM,0.5816,0,1,1,1,1
2024,s2,S2A_MSIL2A_20240612T052651_R105_T43RGM_20240612T101635,Sentinel-2A,2024-06-12T05:26:51.024000+00:00,164,0.372583,,,43RGM,1.0,0,1,1,1,1
2024,s2,S2B_MSIL2A_20240617T052649_R105_T43RGM_20240617T092021,Sentinel-2B,2024-06-17T05:26:49.024000+00:00,169,6.855886,,,43RGM,1.0,0,1,1,1,1
2024,s2,S2A_MSIL2A_20240622T052751_R105_T43RGM_20240622T103519,Sentinel-2A,2024-06-22T05:27:51.024000+00:00,174,18.426372,,,43RGM,0.8825,0,1,1,1,1
2024,s2,S2B_MSIL2A_20240717T052649_R105_T43RGM_20240717T095736,Sentinel-2B,2024-07-17T05:26:49.024000+00:00,199,58.176249,,,43RGM,0.3305,1,0,0,1,0
2024,s2,S2A_MSIL2A_20240304T052721_R105_T43RGN_20240304T111927,Sentinel-2A,2024-03-04T05:27:21.024000+00:00,64,48.494598,,,43RGN,0.9838,0,0,1,0,0
2024,s2,S2B_MSIL2A_20240309T052639_R105_T43RGN_20240309T093654,Sentinel-2B,2024-03-09T05:26:39.024000+00:00,69,0.873205,,,43RGN,1.0,0,0,1,0,0
2024,s2,S2A_MSIL2A_20240314T052641_R105_T43RGN_20240314T102016,Sentinel-2A,2024-03-14T05:26:41.024000+00:00,74,1.0286,,,43RGN,0.9841,0,0,1,0,0
2024,s2,S2B_MSIL2A_20240319T052649_R105_T43RGN_20240319T094053,Sentinel-2B,2024-03-19T05:26:49.024000+00:00,79,16.221575,,,43RGN,1.0,0,0,1,0,0
2024,s2,S2B_MSIL2A_20240329T052649_R105_T43RGN_20240330T074926,Sentinel-2B,2024-03-29T05:26:49.024000+00:00,89,21.841934,,,43RGN,0.6622,0,0,1,0,0
2024,s2,S2A_MSIL2A_20240403T052641_R105_T43RGN_20240403T115009,Sentinel-2A,2024-04-03T05:26:41.024000+00:00,94,38.795945,,,43RGN,0.0228,0,1,1,1,0
2024,s2,S2B_MSIL2A_20240408T052649_R105_T43RGN_20240408T093253,Sentinel-2B,2024-04-08T05:26:49.024000+00:00,99,0.000398,,,43RGN,0.9999,0,1,1,1,0
2024,s2,S2B_MSIL2A_20240418T052649_R105_T43RGN_20240418T094614,Sentinel-2B,2024-04-18T05:26:49.024000+00:00,109,14.291091,,,43RGN,0.6371,0,1,1,1,0
2024,s2,S2A_MSIL2A_20240423T052651_R105_T43RGN_20240423T113452,Sentinel-2A,2024-04-23T05:26:51.024000+00:00,114,17.561726,,,43RGN,0.9799,0,1,1,1,0
2024,s2,S2B_MSIL2A_20240508T052649_R105_T43RGN_20240508T093513,Sentinel-2B,2024-05-08T05:26:49.024000+00:00,129,0.001148,,,43RGN,1.0,0,1,1,1,1
2024,s2,S2A_MSIL2A_20240513T052651_R105_T43RGN_20240513T152604,Sentinel-2A,2024-05-13T05:26:51.024000+00:00,134,0.90158,,,43RGN,0.9879,0,1,1,1,1
2024,s2,S2B_MSIL2A_20240518T052649_R105_T43RGN_20240518T091100,Sentinel-2B,2024-05-18T05:26:49.024000+00:00,139,0.000199,,,43RGN,1.0,0,1,1,1,1
2024,s2,S2A_MSIL2A_20240523T052641_R105_T43RGN_20240523T115628,Sentinel-2A,2024-05-23T05:26:41.024000+00:00,144,0.0008,,,43RGN,1.0,0,1,1,1,1
2024,s2,S2B_MSIL2A_20240528T052649_R105_T43RGN_20240528T131959,Sentinel-2B,2024-05-28T05:26:49.024000+00:00,149,0.000206,,,43RGN,0.9999,0,1,1,1,1
2024,s2,S2A_MSIL2A_20240602T052651_R105_T43RGN_20240602T121154,Sentinel-2A,2024-06-02T05:26:51.024000+00:00,154,0.037744,,,43RGN,1.0,0,1,1,1,1
2024,s2,S2B_MSIL2A_20240607T052649_R105_T43RGN_20240607T094135,Sentinel-2B,2024-06-07T05:26:49.024000+00:00,159,3.50902,,,43RGN,1.0,0,1,1,1,1
2024,s2,S2A_MSIL2A_20240612T052651_R105_T43RGN_20240612T101634,Sentinel-2A,2024-06-12T05:26:51.024000+00:00,164,0.000421,,,43RGN,1.0,0,1,1,1,1
2024,s2,S2B_MSIL2A_20240617T052649_R105_T43RGN_20240617T093758,Sentinel-2B,2024-06-17T05:26:49.024000+00:00,169,0.083861,,,43RGN,1.0,0,1,1,1,1
2024,s2,S2A_MSIL2A_20240622T052751_R105_T43RGN_20240622T103313,Sentinel-2A,2024-06-22T05:27:51.024000+00:00,174,24.057376,,,43RGN,0.9118,0,1,1,1,1
2025,landsat,LC09_L2SP_146041_20250725_02_T1,LC09,2025-07-25T05:19:07.022998+00:00,206,60.52,146,041,,,1,0,0,1,0
2025,landsat,LC09_L2SP_146040_20250725_02_T1,LC09,2025-07-25T05:18:43.127748+00:00,206,40.38,146,040,,,1,0,0,1,0
2025,landsat,LC08_L2SP_147040_20250724_02_T1,LC08,2025-07-24T05:24:54.724772+00:00,205,27.29,147,040,,,1,0,0,1,0
2025,landsat,LC09_L2SP_147040_20250716_02_T1,LC09,2025-07-16T05:24:49.367303+00:00,197,66.48,147,040,,,1,0,0,1,0
2025,landsat,LC09_L2SP_146041_20250709_02_T1,LC09,2025-07-09T05:18:58.207765+00:00,190,99.95,146,041,,,1,0,0,1,0
2025,landsat,LC09_L2SP_146040_20250709_02_T1,LC09,2025-07-09T05:18:34.308279+00:00,190,97.03,146,040,,,1,0,0,1,0
2025,landsat,LC08_L2SP_147040_20250708_02_T1,LC08,2025-07-08T05:24:47.666846+00:00,189,13.02,147,040,,,1,0,0,1,0
2025,landsat,LC09_L2SP_146041_20250623_02_T1,LC09,2025-06-23T05:18:54.798167+00:00,174,53.18,146,041,,,0,1,1,1,1
2025,landsat,LC09_L2SP_146040_20250623_02_T1,LC09,2025-06-23T05:18:30.902917+00:00,174,65.61,146,040,,,0,1,1,1,1
2025,landsat,LC08_L2SP_147040_20250622_02_T1,LC08,2025-06-22T05:24:44.284651+00:00,173,91.69,147,040,,,0,1,1,1,1
2025,landsat,LC08_L2SP_146041_20250615_02_T1,LC08,2025-06-15T05:18:53.006664+00:00,166,55.71,146,041,,,0,1,1,1,1
2025,landsat,LC08_L2SP_146040_20250615_02_T1,LC08,2025-06-15T05:18:29.111387+00:00,166,92.03,146,040,,,0,1,1,1,1
2025,landsat,LC09_L2SP_147040_20250614_02_T1,LC09,2025-06-14T05:24:35.579808+00:00,165,0.47,147,040,,,0,1,1,1,1
2025,landsat,LC09_L2SP_146041_20250607_02_T1,LC09,2025-06-07T05:18:41.078349+00:00,158,0.07,146,041,,,0,1,1,1,1
2025,landsat,LC09_L2SP_146040_20250607_02_T1,LC09,2025-06-07T05:18:17.183098+00:00,158,0.66,146,040,,,0,1,1,1,1
2025,landsat,LC08_L2SP_147040_20250606_02_T1,LC08,2025-06-06T05:24:30.927444+00:00,157,1.42,147,040,,,0,1,1,1,1
2025,landsat,LC08_L2SP_146041_20250530_02_T1,LC08,2025-05-30T05:18:43.572173+00:00,150,54.93,146,041,,,0,1,1,1,1
2025,landsat,LC08_L2SP_146040_20250530_02_T1,LC08,2025-05-30T05:18:19.672660+00:00,150,72.33,146,040,,,0,1,1,1,1
2025,landsat,LC09_L2SP_147040_20250529_02_T1,LC09,2025-05-29T05:24:29.158585+00:00,149,40.59,147,040,,,0,1,1,1,1
2025,landsat,LC09_L2SP_146041_20250522_02_T1,LC09,2025-05-22T05:18:45.217412+00:00,142,5.6,146,041,,,0,1,1,1,1
2025,landsat,LC09_L2SP_146040_20250522_02_T1,LC09,2025-05-22T05:18:21.330634+00:00,142,35.39,146,040,,,0,1,1,1,1
2025,landsat,LC08_L2SP_147040_20250521_02_T1,LC08,2025-05-21T05:24:28.719489+00:00,141,0.0,147,040,,,0,1,1,1,1
2025,landsat,LC08_L2SP_146041_20250514_02_T1,LC08,2025-05-14T05:18:39.279886+00:00,134,0.0,146,041,,,0,1,1,1,1
2025,landsat,LC08_L2SP_146040_20250514_02_T1,LC08,2025-05-14T05:18:15.380373+00:00,134,0.09,146,040,,,0,1,1,1,1
2025,landsat,LC09_L2SP_147040_20250513_02_T1,LC09,2025-05-13T05:24:36.461861+00:00,133,3.69,147,040,,,0,1,1,1,1
2025,landsat,LC09_L2SP_146041_20250506_02_T1,LC09,2025-05-06T05:18:56.057815+00:00,126,33.95,146,041,,,0,1,1,1,1
2025,landsat,LC09_L2SP_146040_20250506_02_T1,LC09,2025-05-06T05:18:32.166800+00:00,126,40.88,146,040,,,0,1,1,1,1
2025,landsat,LC08_L2SP_147040_20250505_02_T1,LC08,2025-05-05T05:24:26.015713+00:00,125,57.72,147,040,,,0,1,1,1,1
2025,landsat,LC08_L2SP_146041_20250428_02_T1,LC08,2025-04-28T05:18:39.970731+00:00,118,0.01,146,041,,,0,1,1,1,0
2025,landsat,LC08_L2SP_146040_20250428_02_T1,LC08,2025-04-28T05:18:16.079690+00:00,118,0.72,146,040,,,0,1,1,1,0
2025,landsat,LC09_L2SP_147040_20250427_02_T1,LC09,2025-04-27T05:24:45.752254+00:00,117,1.13,147,040,,,0,1,1,1,0
2025,landsat,LC09_L2SP_146041_20250420_02_T1,LC09,2025-04-20T05:19:03.531163+00:00,110,0.0,146,041,,,0,1,1,1,0
2025,landsat,LC09_L2SP_146040_20250420_02_T1,LC09,2025-04-20T05:18:39.640148+00:00,110,0.59,146,040,,,0,1,1,1,0
2025,landsat,LC08_L2SP_147040_20250419_02_T1,LC08,2025-04-19T05:24:31.062760+00:00,109,3.31,147,040,,,0,1,1,1,0
2025,landsat,LC08_L2SP_146041_20250412_02_T1,LC08,2025-04-12T05:18:49.698274+00:00,102,0.01,146,041,,,0,1,1,1,0
2025,landsat,LC08_L2SP_146040_20250412_02_T1,LC08,2025-04-12T05:18:25.802997+00:00,102,0.68,146,040,,,0,1,1,1,0
2025,landsat,LC09_L2SP_147040_20250411_02_T1,LC09,2025-04-11T05:24:54.653085+00:00,101,1.92,147,040,,,0,1,1,1,0
2025,landsat,LC09_L2SP_146041_20250404_02_T1,LC09,2025-04-04T05:19:04.163360+00:00,94,0.04,146,041,,,0,1,1,1,0
2025,landsat,LC09_L2SP_146040_20250404_02_T1,LC09,2025-04-04T05:18:40.272344+00:00,94,0.01,146,040,,,0,1,1,1,0
2025,landsat,LC08_L2SP_147040_20250403_02_T1,LC08,2025-04-03T05:24:41.523290+00:00,93,0.0,147,040,,,0,1,1,1,0
2025,landsat,LC08_L2SP_146041_20250327_02_T1,LC08,2025-03-27T05:18:54.385515+00:00,86,1.21,146,041,,,0,0,1,0,0
2025,landsat,LC08_L2SP_146040_20250327_02_T1,LC08,2025-03-27T05:18:30.490240+00:00,86,24.61,146,040,,,0,0,1,0,0
2025,landsat,LC09_L2SP_147040_20250326_02_T1,LC09,2025-03-26T05:24:54.603480+00:00,85,1.88,147,040,,,0,0,1,0,0
2025,landsat,LC09_L2SP_146041_20250319_02_T1,LC09,2025-03-19T05:19:09.133485+00:00,78,0.0,146,041,,,0,0,1,0,0
2025,landsat,LC09_L2SP_146040_20250319_02_T1,LC09,2025-03-19T05:18:45.238234+00:00,78,0.02,146,040,,,0,0,1,0,0
2025,landsat,LC08_L2SP_147040_20250318_02_T1,LC08,2025-03-18T05:24:44.863884+00:00,77,0.03,147,040,,,0,0,1,0,0
2025,landsat,LC08_L2SP_146041_20250311_02_T1,LC08,2025-03-11T05:19:05.228142+00:00,70,3.35,146,041,,,0,0,1,0,0
2025,landsat,LC08_L2SP_146040_20250311_02_T1,LC08,2025-03-11T05:18:41.337101+00:00,70,23.08,146,040,,,0,0,1,0,0
2025,landsat,LC09_L2SP_147040_20250310_02_T1,LC09,2025-03-10T05:25:05.580665+00:00,69,12.18,147,040,,,0,0,1,0,0
2025,landsat,LC09_L2SP_146041_20250303_02_T1,LC09,2025-03-03T05:19:19.047966+00:00,62,0.05,146,041,,,0,0,1,0,0
2025,landsat,LC09_L2SP_146040_20250303_02_T1,LC09,2025-03-03T05:18:55.152715+00:00,62,1.16,146,040,,,0,0,1,0,0
2025,landsat,LC08_L2SP_147040_20250302_02_T1,LC08,2025-03-02T05:24:53.059410+00:00,61,0.03,147,040,,,0,0,1,0,0
2025,s2,S2B_MSIL2A_20250304T052649_R105_T43RFM_20250304T073919,Sentinel-2B,2025-03-04T05:26:49.024000+00:00,63,0.004244,,,43RFM,1.0,0,0,1,0,0
2025,s2,S2C_MSIL2A_20250309T052711_R105_T43RFM_20250309T105213,Sentinel-2C,2025-03-09T05:27:11.025000+00:00,68,0.970458,,,43RFM,0.9585,0,0,1,0,0
2025,s2,S2B_MSIL2A_20250314T052649_R105_T43RFM_20250314T095315,Sentinel-2B,2025-03-14T05:26:49.024000+00:00,73,0.067667,,,43RFM,1.0,0,0,1,0,0
2025,s2,S2C_MSIL2A_20250319T052711_R105_T43RFM_20250319T104817,Sentinel-2C,2025-03-19T05:27:11.025000+00:00,78,0.000232,,,43RFM,1.0,0,0,1,0,0
2025,s2,S2B_MSIL2A_20250324T052649_R105_T43RFM_20250324T074123,Sentinel-2B,2025-03-24T05:26:49.024000+00:00,83,0.000581,,,43RFM,1.0,0,0,1,0,0
2025,s2,S2C_MSIL2A_20250329T052841_R105_T43RFM_20250329T105014,Sentinel-2C,2025-03-29T05:28:41.025000+00:00,88,53.877091,,,43RFM,0.5997,0,0,1,0,0
2025,s2,S2A_MSIL2A_20250331T053241_R105_T43RFM_20250331T104813,Sentinel-2A,2025-03-31T05:32:41.024000+00:00,90,0.019127,,,43RFM,1.0,0,0,1,0,0
2025,s2,S2B_MSIL2A_20250403T052649_R105_T43RFM_20250403T080413,Sentinel-2B,2025-04-03T05:26:49.024000+00:00,93,0.000421,,,43RFM,1.0,0,1,1,1,0
2025,s2,S2C_MSIL2A_20250408T052711_R105_T43RFM_20250408T105617,Sentinel-2C,2025-04-08T05:27:11.024000+00:00,98,0.000438,,,43RFM,1.0,0,1,1,1,0
2025,s2,S2B_MSIL2A_20250413T052649_R105_T43RFM_20250413T074009,Sentinel-2B,2025-04-13T05:26:49.024000+00:00,103,0.007731,,,43RFM,0.9985,0,1,1,1,0
2025,s2,S2C_MSIL2A_20250418T052711_R105_T43RFM_20250418T103211,Sentinel-2C,2025-04-18T05:27:11.025000+00:00,108,0.000116,,,43RFM,1.0,0,1,1,1,0
2025,s2,S2A_MSIL2A_20250420T053241_R105_T43RFM_20250420T105519,Sentinel-2A,2025-04-20T05:32:41.024000+00:00,110,0.000401,,,43RFM,1.0,0,1,1,1,0
2025,s2,S2B_MSIL2A_20250423T052649_R105_T43RFM_20250423T074015,Sentinel-2B,2025-04-23T05:26:49.024000+00:00,113,2.41608,,,43RFM,0.9999,0,1,1,1,0
2025,s2,S2C_MSIL2A_20250428T052711_R105_T43RFM_20250428T104014,Sentinel-2C,2025-04-28T05:27:11.025000+00:00,118,0.00143,,,43RFM,1.0,0,1,1,1,0
2025,s2,S2B_MSIL2A_20250503T052649_R105_T43RFM_20250503T073956,Sentinel-2B,2025-05-03T05:26:49.024000+00:00,123,18.227039,,,43RFM,0.631,0,1,1,1,1
2025,s2,S2C_MSIL2A_20250508T052701_R105_T43RFM_20250508T093856,Sentinel-2C,2025-05-08T05:27:01.025000+00:00,128,1.725678,,,43RFM,0.9925,0,1,1,1,1
2025,s2,S2A_MSIL2A_20250510T053241_R105_T43RFM_20250510T075813,Sentinel-2A,2025-05-10T05:32:41.024000+00:00,130,30.876073,,,43RFM,0.4489,0,1,1,1,1
2025,s2,S2B_MSIL2A_20250513T052649_R105_T43RFM_20250513T074137,Sentinel-2B,2025-05-13T05:26:49.024000+00:00,133,0.087372,,,43RFM,1.0,0,1,1,1,1
2025,s2,S2C_MSIL2A_20250518T052701_R105_T43RFM_20250518T094414,Sentinel-2C,2025-05-18T05:27:01.025000+00:00,138,0.000309,,,43RFM,1.0,0,1,1,1,1
2025,s2,S2B_MSIL2A_20250523T052649_R105_T43RFM_20250523T073847,Sentinel-2B,2025-05-23T05:26:49.024000+00:00,143,0.000863,,,43RFM,1.0,0,1,1,1,1
2025,s2,S2C_MSIL2A_20250528T052701_R105_T43RFM_20250528T090039,Sentinel-2C,2025-05-28T05:27:01.024000+00:00,148,4.489965,,,43RFM,0.8311,0,1,1,1,1
2025,s2,S2B_MSIL2A_20250602T052649_R105_T43RFM_20250602T074411,Sentinel-2B,2025-06-02T05:26:49.024000+00:00,153,11.559634,,,43RFM,1.0,0,1,1,1,1
2025,s2,S2C_MSIL2A_20250607T052711_R105_T43RFM_20250607T092114,Sentinel-2C,2025-06-07T05:27:11.024000+00:00,158,0.283828,,,43RFM,0.9931,0,1,1,1,1
2025,s2,S2B_MSIL2A_20250612T052649_R105_T43RFM_20250612T074052,Sentinel-2B,2025-06-12T05:26:49.024000+00:00,163,0.053693,,,43RFM,1.0,0,1,1,1,1
2025,s2,S2C_MSIL2A_20250627T052711_R105_T43RFM_20250627T104419,Sentinel-2C,2025-06-27T05:27:11.025000+00:00,178,29.255652,,,43RFM,0.5892,0,1,1,1,1
2025,s2,S2B_MSIL2A_20250304T052649_R105_T43RFN_20250304T073919,Sentinel-2B,2025-03-04T05:26:49.024000+00:00,63,0.000275,,,43RFN,1.0,0,0,1,0,0
2025,s2,S2C_MSIL2A_20250309T052711_R105_T43RFN_20250309T105213,Sentinel-2C,2025-03-09T05:27:11.025000+00:00,68,2.14058,,,43RFN,0.9157,0,0,1,0,0
2025,s2,S2B_MSIL2A_20250314T052649_R105_T43RFN_20250314T095315,Sentinel-2B,2025-03-14T05:26:49.024000+00:00,73,5.114976,,,43RFN,1.0,0,0,1,0,0
2025,s2,S2C_MSIL2A_20250319T052711_R105_T43RFN_20250319T104817,Sentinel-2C,2025-03-19T05:27:11.025000+00:00,78,6.890873,,,43RFN,1.0,0,0,1,0,0
2025,s2,S2B_MSIL2A_20250324T052649_R105_T43RFN_20250324T074123,Sentinel-2B,2025-03-24T05:26:49.024000+00:00,83,0.0,,,43RFN,1.0,0,0,1,0,0
2025,s2,S2C_MSIL2A_20250329T052841_R105_T43RFN_20250329T105014,Sentinel-2C,2025-03-29T05:28:41.025000+00:00,88,48.934841,,,43RFN,0.7223,0,0,1,0,0
2025,s2,S2A_MSIL2A_20250331T053241_R105_T43RFN_20250331T104813,Sentinel-2A,2025-03-31T05:32:41.024000+00:00,90,0.000591,,,43RFN,1.0,0,0,1,0,0
2025,s2,S2B_MSIL2A_20250403T052649_R105_T43RFN_20250403T080413,Sentinel-2B,2025-04-03T05:26:49.024000+00:00,93,0.000156,,,43RFN,1.0,0,1,1,1,0
2025,s2,S2C_MSIL2A_20250408T052711_R105_T43RFN_20250408T105617,Sentinel-2C,2025-04-08T05:27:11.024000+00:00,98,5.6e-05,,,43RFN,1.0,0,1,1,1,0
2025,s2,S2B_MSIL2A_20250413T052649_R105_T43RFN_20250413T074009,Sentinel-2B,2025-04-13T05:26:49.024000+00:00,103,0.000309,,,43RFN,1.0,0,1,1,1,0
2025,s2,S2C_MSIL2A_20250418T052711_R105_T43RFN_20250418T103211,Sentinel-2C,2025-04-18T05:27:11.025000+00:00,108,4.791308,,,43RFN,1.0,0,1,1,1,0
2025,s2,S2A_MSIL2A_20250420T053241_R105_T43RFN_20250420T105519,Sentinel-2A,2025-04-20T05:32:41.024000+00:00,110,0.399518,,,43RFN,1.0,0,1,1,1,0
2025,s2,S2B_MSIL2A_20250423T052649_R105_T43RFN_20250423T074015,Sentinel-2B,2025-04-23T05:26:49.024000+00:00,113,0.003361,,,43RFN,1.0,0,1,1,1,0
2025,s2,S2C_MSIL2A_20250428T052711_R105_T43RFN_20250428T104014,Sentinel-2C,2025-04-28T05:27:11.025000+00:00,118,0.002475,,,43RFN,0.9999,0,1,1,1,0
2025,s2,S2B_MSIL2A_20250503T052649_R105_T43RFN_20250503T073956,Sentinel-2B,2025-05-03T05:26:49.024000+00:00,123,17.183466,,,43RFN,0.8711,0,1,1,1,1
2025,s2,S2C_MSIL2A_20250508T052701_R105_T43RFN_20250508T093856,Sentinel-2C,2025-05-08T05:27:01.025000+00:00,128,10.115527,,,43RFN,0.9428,0,1,1,1,1
2025,s2,S2A_MSIL2A_20250510T053241_R105_T43RFN_20250510T075813,Sentinel-2A,2025-05-10T05:32:41.024000+00:00,130,39.785996,,,43RFN,0.3047,0,1,1,1,1
2025,s2,S2B_MSIL2A_20250513T052649_R105_T43RFN_20250513T074137,Sentinel-2B,2025-05-13T05:26:49.024000+00:00,133,2.454872,,,43RFN,1.0,0,1,1,1,1
2025,s2,S2C_MSIL2A_20250518T052701_R105_T43RFN_20250518T094414,Sentinel-2C,2025-05-18T05:27:01.025000+00:00,138,0.000265,,,43RFN,1.0,0,1,1,1,1
2025,s2,S2B_MSIL2A_20250523T052649_R105_T43RFN_20250523T073847,Sentinel-2B,2025-05-23T05:26:49.024000+00:00,143,0.000325,,,43RFN,1.0,0,1,1,1,1
2025,s2,S2C_MSIL2A_20250528T052701_R105_T43RFN_20250528T090039,Sentinel-2C,2025-05-28T05:27:01.024000+00:00,148,15.361933,,,43RFN,0.8058,0,1,1,1,1
2025,s2,S2B_MSIL2A_20250602T052649_R105_T43RFN_20250602T074411,Sentinel-2B,2025-06-02T05:26:49.024000+00:00,153,0.000368,,,43RFN,0.9999,0,1,1,1,1
2025,s2,S2C_MSIL2A_20250607T052711_R105_T43RFN_20250607T092114,Sentinel-2C,2025-06-07T05:27:11.024000+00:00,158,2.933378,,,43RFN,0.987,0,1,1,1,1
2025,s2,S2B_MSIL2A_20250612T052649_R105_T43RFN_20250612T074052,Sentinel-2B,2025-06-12T05:26:49.024000+00:00,163,3.292206,,,43RFN,1.0,0,1,1,1,1
2025,s2,S2A_MSIL2A_20250619T053241_R105_T43RFN_20250619T090114,Sentinel-2A,2025-06-19T05:32:41.024000+00:00,170,54.637128,,,43RFN,0.3542,0,1,1,1,1
2025,s2,S2C_MSIL2A_20250627T052711_R105_T43RFN_20250627T104419,Sentinel-2C,2025-06-27T05:27:11.025000+00:00,178,43.045446,,,43RFN,0.394,0,1,1,1,1
2025,s2,S2B_MSIL2A_20250702T052649_R105_T43RFN_20250702T074318,Sentinel-2B,2025-07-02T05:26:49.024000+00:00,183,59.26162,,,43RFN,0.6401,1,0,0,1,0
2025,s2,S2B_MSIL2A_20250304T052649_R105_T43RGM_20250304T073919,Sentinel-2B,2025-03-04T05:26:49.024000+00:00,63,0.001022,,,43RGM,1.0,0,0,1,0,0
2025,s2,S2C_MSIL2A_20250309T052711_R105_T43RGM_20250309T105213,Sentinel-2C,2025-03-09T05:27:11.025000+00:00,68,3.806703,,,43RGM,0.8525,0,0,1,0,0
2025,s2,S2B_MSIL2A_20250314T052649_R105_T43RGM_20250314T095315,Sentinel-2B,2025-03-14T05:26:49.024000+00:00,73,0.516023,,,43RGM,1.0,0,0,1,0,0
2025,s2,S2C_MSIL2A_20250319T052711_R105_T43RGM_20250319T104817,Sentinel-2C,2025-03-19T05:27:11.025000+00:00,78,0.000441,,,43RGM,1.0,0,0,1,0,0
2025,s2,S2B_MSIL2A_20250324T052649_R105_T43RGM_20250324T074123,Sentinel-2B,2025-03-24T05:26:49.024000+00:00,83,9.3e-05,,,43RGM,1.0,0,0,1,0,0
2025,s2,S2C_MSIL2A_20250329T052841_R105_T43RGM_20250329T105014,Sentinel-2C,2025-03-29T05:28:41.025000+00:00,88,37.914705,,,43RGM,0.5665,0,0,1,0,0
2025,s2,S2A_MSIL2A_20250331T053241_R105_T43RGM_20250331T104813,Sentinel-2A,2025-03-31T05:32:41.024000+00:00,90,0.000438,,,43RGM,1.0,0,0,1,0,0
2025,s2,S2B_MSIL2A_20250403T052649_R105_T43RGM_20250403T080413,Sentinel-2B,2025-04-03T05:26:49.024000+00:00,93,0.000743,,,43RGM,1.0,0,1,1,1,0
2025,s2,S2C_MSIL2A_20250408T052711_R105_T43RGM_20250408T105617,Sentinel-2C,2025-04-08T05:27:11.024000+00:00,98,0.000146,,,43RGM,1.0,0,1,1,1,0
2025,s2,S2B_MSIL2A_20250413T052649_R105_T43RGM_20250413T074009,Sentinel-2B,2025-04-13T05:26:49.024000+00:00,103,0.003583,,,43RGM,0.9991,0,1,1,1,0
2025,s2,S2C_MSIL2A_20250418T052711_R105_T43RGM_20250418T103211,Sentinel-2C,2025-04-18T05:27:11.025000+00:00,108,0.015491,,,43RGM,0.9999,0,1,1,1,0
2025,s2,S2A_MSIL2A_20250420T053241_R105_T43RGM_20250420T105519,Sentinel-2A,2025-04-20T05:32:41.024000+00:00,110,0.000149,,,43RGM,1.0,0,1,1,1,0
2025,s2,S2B_MSIL2A_20250423T052649_R105_T43RGM_20250423T074015,Sentinel-2B,2025-04-23T05:26:49.024000+00:00,113,2.556285,,,43RGM,0.9999,0,1,1,1,0
2025,s2,S2C_MSIL2A_20250428T052711_R105_T43RGM_20250428T104014,Sentinel-2C,2025-04-28T05:27:11.025000+00:00,118,0.004492,,,43RGM,1.0,0,1,1,1,0
2025,s2,S2C_MSIL2A_20250508T052701_R105_T43RGM_20250508T093856,Sentinel-2C,2025-05-08T05:27:01.025000+00:00,128,47.305074,,,43RGM,0.9887,0,1,1,1,1
2025,s2,S2A_MSIL2A_20250510T053241_R105_T43RGM_20250510T075813,Sentinel-2A,2025-05-10T05:32:41.024000+00:00,130,16.691716,,,43RGM,0.3972,0,1,1,1,1
2025,s2,S2B_MSIL2A_20250513T052649_R105_T43RGM_20250513T074137,Sentinel-2B,2025-05-13T05:26:49.024000+00:00,133,5.415954,,,43RGM,1.0,0,1,1,1,1
2025,s2,S2C_MSIL2A_20250518T052701_R105_T43RGM_20250518T094414,Sentinel-2C,2025-05-18T05:27:01.025000+00:00,138,0.006689,,,43RGM,1.0,0,1,1,1,1
2025,s2,S2B_MSIL2A_20250523T052649_R105_T43RGM_20250523T073847,Sentinel-2B,2025-05-23T05:26:49.024000+00:00,143,0.002837,,,43RGM,1.0,0,1,1,1,1
2025,s2,S2C_MSIL2A_20250528T052701_R105_T43RGM_20250528T090039,Sentinel-2C,2025-05-28T05:27:01.024000+00:00,148,24.458419,,,43RGM,0.6563,0,1,1,1,1
2025,s2,S2B_MSIL2A_20250602T052649_R105_T43RGM_20250602T074411,Sentinel-2B,2025-06-02T05:26:49.024000+00:00,153,16.102913,,,43RGM,0.9986,0,1,1,1,1
2025,s2,S2C_MSIL2A_20250607T052711_R105_T43RGM_20250607T092114,Sentinel-2C,2025-06-07T05:27:11.024000+00:00,158,2.068009,,,43RGM,0.9848,0,1,1,1,1
2025,s2,S2B_MSIL2A_20250612T052649_R105_T43RGM_20250612T074052,Sentinel-2B,2025-06-12T05:26:49.024000+00:00,163,0.346538,,,43RGM,1.0,0,1,1,1,1
2025,s2,S2C_MSIL2A_20250627T052711_R105_T43RGM_20250627T104419,Sentinel-2C,2025-06-27T05:27:11.025000+00:00,178,38.065758,,,43RGM,0.5098,0,1,1,1,1
2025,s2,S2B_MSIL2A_20250702T052649_R105_T43RGM_20250702T074318,Sentinel-2B,2025-07-02T05:26:49.024000+00:00,183,57.294452,,,43RGM,0.3461,1,0,0,1,0
2025,s2,S2B_MSIL2A_20250304T052649_R105_T43RGN_20250304T073919,Sentinel-2B,2025-03-04T05:26:49.024000+00:00,63,0.000658,,,43RGN,1.0,0,0,1,0,0
2025,s2,S2C_MSIL2A_20250309T052711_R105_T43RGN_20250309T105213,Sentinel-2C,2025-03-09T05:27:11.025000+00:00,68,14.177209,,,43RGN,0.6748,0,0,1,0,0
2025,s2,S2B_MSIL2A_20250314T052649_R105_T43RGN_20250314T095315,Sentinel-2B,2025-03-14T05:26:49.024000+00:00,73,0.530891,,,43RGN,1.0,0,0,1,0,0
2025,s2,S2C_MSIL2A_20250319T052711_R105_T43RGN_20250319T104817,Sentinel-2C,2025-03-19T05:27:11.025000+00:00,78,7.6e-05,,,43RGN,1.0,0,0,1,0,0
2025,s2,S2B_MSIL2A_20250324T052649_R105_T43RGN_20250324T074123,Sentinel-2B,2025-03-24T05:26:49.024000+00:00,83,0.000182,,,43RGN,1.0,0,0,1,0,0
2025,s2,S2C_MSIL2A_20250329T052841_R105_T43RGN_20250329T105014,Sentinel-2C,2025-03-29T05:28:41.025000+00:00,88,36.127046,,,43RGN,0.9997,0,0,1,0,0
2025,s2,S2A_MSIL2A_20250331T053241_R105_T43RGN_20250331T104813,Sentinel-2A,2025-03-31T05:32:41.024000+00:00,90,0.000683,,,43RGN,1.0,0,0,1,0,0
2025,s2,S2B_MSIL2A_20250403T052649_R105_T43RGN_20250403T080413,Sentinel-2B,2025-04-03T05:26:49.024000+00:00,93,0.000392,,,43RGN,1.0,0,1,1,1,0
2025,s2,S2C_MSIL2A_20250408T052711_R105_T43RGN_20250408T105617,Sentinel-2C,2025-04-08T05:27:11.024000+00:00,98,0.024038,,,43RGN,1.0,0,1,1,1,0
2025,s2,S2B_MSIL2A_20250413T052649_R105_T43RGN_20250413T074009,Sentinel-2B,2025-04-13T05:26:49.024000+00:00,103,0.0,,,43RGN,1.0,0,1,1,1,0
2025,s2,S2C_MSIL2A_20250418T052711_R105_T43RGN_20250418T103211,Sentinel-2C,2025-04-18T05:27:11.025000+00:00,108,8.3e-05,,,43RGN,1.0,0,1,1,1,0
2025,s2,S2A_MSIL2A_20250420T053241_R105_T43RGN_20250420T105519,Sentinel-2A,2025-04-20T05:32:41.024000+00:00,110,4.3e-05,,,43RGN,1.0,0,1,1,1,0
2025,s2,S2B_MSIL2A_20250423T052649_R105_T43RGN_20250423T074015,Sentinel-2B,2025-04-23T05:26:49.024000+00:00,113,0.002608,,,43RGN,0.9999,0,1,1,1,0
2025,s2,S2C_MSIL2A_20250428T052711_R105_T43RGN_20250428T104014,Sentinel-2C,2025-04-28T05:27:11.025000+00:00,118,2.384624,,,43RGN,1.0,0,1,1,1,0
2025,s2,S2B_MSIL2A_20250503T052649_R105_T43RGN_20250503T073956,Sentinel-2B,2025-05-03T05:26:49.024000+00:00,123,34.419701,,,43RGN,0.7223,0,1,1,1,1
2025,s2,S2C_MSIL2A_20250508T052701_R105_T43RGN_20250508T093856,Sentinel-2C,2025-05-08T05:27:01.025000+00:00,128,25.271642,,,43RGN,0.9977,0,1,1,1,1
2025,s2,S2A_MSIL2A_20250510T053241_R105_T43RGN_20250510T075813,Sentinel-2A,2025-05-10T05:32:41.024000+00:00,130,11.664905,,,43RGN,0.5158,0,1,1,1,1
2025,s2,S2B_MSIL2A_20250513T052649_R105_T43RGN_20250513T074137,Sentinel-2B,2025-05-13T05:26:49.024000+00:00,133,0.000999,,,43RGN,1.0,0,1,1,1,1
2025,s2,S2C_MSIL2A_20250518T052701_R105_T43RGN_20250518T094414,Sentinel-2C,2025-05-18T05:27:01.025000+00:00,138,0.43256,,,43RGN,1.0,0,1,1,1,1
2025,s2,S2B_MSIL2A_20250523T052649_R105_T43RGN_20250523T073847,Sentinel-2B,2025-05-23T05:26:49.024000+00:00,143,4e-05,,,43RGN,1.0,0,1,1,1,1
2025,s2,S2C_MSIL2A_20250528T052701_R105_T43RGN_20250528T090039,Sentinel-2C,2025-05-28T05:27:01.024000+00:00,148,21.825877,,,43RGN,0.7989,0,1,1,1,1
2025,s2,S2B_MSIL2A_20250602T052649_R105_T43RGN_20250602T074411,Sentinel-2B,2025-06-02T05:26:49.024000+00:00,153,0.026632,,,43RGN,1.0,0,1,1,1,1
2025,s2,S2C_MSIL2A_20250607T052711_R105_T43RGN_20250607T092114,Sentinel-2C,2025-06-07T05:27:11.024000+00:00,158,0.703189,,,43RGN,0.9888,0,1,1,1,1
2025,s2,S2B_MSIL2A_20250612T052649_R105_T43RGN_20250612T074052,Sentinel-2B,2025-06-12T05:26:49.024000+00:00,163,16.641906,,,43RGN,1.0,0,1,1,1,1
2025,s2,S2A_MSIL2A_20250619T053241_R105_T43RGN_20250619T090114,Sentinel-2A,2025-06-19T05:32:41.024000+00:00,170,55.924511,,,43RGN,0.4757,0,1,1,1,1
2025,s2,S2C_MSIL2A_20250627T052711_R105_T43RGN_20250627T104419,Sentinel-2C,2025-06-27T05:27:11.025000+00:00,178,33.678189,,,43RGN,0.463,0,1,1,1,1
2025,s2,S2B_MSIL2A_20250702T052649_R105_T43RGN_20250702T074318,Sentinel-2B,2025-07-02T05:26:49.024000+00:00,183,40.675363,,,43RGN,0.5795,1,0,0,1,0
2026,landsat,LC09_L2SP_146041_20260728_02_T1,LC09,2026-07-28T05:19:00.667631+00:00,209,76.48,146,041,,,1,0,0,1,0
2026,landsat,LC08_L2SP_147040_20260727_02_T1,LC08,2026-07-27T05:24:36.511753+00:00,208,21.75,147,040,,,1,0,0,1,0
2026,landsat,LC09_L2SP_147040_20260719_02_T1,LC09,2026-07-19T05:24:41.441803+00:00,200,76.34,147,040,,,1,0,0,1,0
2026,landsat,LC09_L2SP_146041_20260712_02_T1,LC09,2026-07-12T05:18:47.962810+00:00,193,4.17,146,041,,,1,0,0,1,0
2026,landsat,LC09_L2SP_146040_20260712_02_T1,LC09,2026-07-12T05:18:24.067557+00:00,193,3.91,146,040,,,1,0,0,1,0
2026,landsat,LC08_L2SP_147040_20260711_02_T1,LC08,2026-07-11T05:24:26.720536+00:00,192,16.53,147,040,,,1,0,0,1,0
2026,landsat,LC08_L2SP_146041_20260704_02_T1,LC08,2026-07-04T05:18:38.655237+00:00,185,84.72,146,041,,,1,0,0,1,0
2026,landsat,LC08_L2SP_146040_20260704_02_T1,LC08,2026-07-04T05:18:14.764196+00:00,185,70.06,146,040,,,1,0,0,1,0
2026,landsat,LC09_L2SP_147040_20260703_02_T1,LC09,2026-07-03T05:24:32.320214+00:00,184,35.33,147,040,,,1,0,0,1,0
2026,landsat,LC08_L2SP_147040_20260625_02_T1,LC08,2026-06-25T05:24:20.860734+00:00,176,4.35,147,040,,,0,1,1,1,1
2026,landsat,LC08_L2SP_146041_20260618_02_T1,LC08,2026-06-18T05:18:27.984082+00:00,169,2.84,146,041,,,0,1,1,1,1
2026,landsat,LC08_L2SP_146040_20260618_02_T1,LC08,2026-06-18T05:18:04.088806+00:00,169,0.81,146,040,,,0,1,1,1,1
2026,landsat,LC09_L2SP_147040_20260617_02_T1,LC09,2026-06-17T05:24:23.550339+00:00,168,0.02,147,040,,,0,1,1,1,1
2026,landsat,LC09_L2SP_146041_20260610_02_T1,LC09,2026-06-10T05:18:31.015870+00:00,161,0.42,146,041,,,0,1,1,1,1
2026,landsat,LC09_L2SP_146040_20260610_02_T1,LC09,2026-06-10T05:18:07.116383+00:00,161,0.58,146,040,,,0,1,1,1,1
2026,landsat,LC08_L2SP_147040_20260609_02_T1,LC08,2026-06-09T05:24:07.129771+00:00,160,0.0,147,040,,,0,1,1,1,1
2026,landsat,LC08_L2SP_146041_20260602_02_T1,LC08,2026-06-02T05:18:20.031211+00:00,153,16.54,146,041,,,0,1,1,1,1
2026,landsat,LC08_L2SP_146040_20260602_02_T1,LC08,2026-06-02T05:17:56.135934+00:00,153,14.94,146,040,,,0,1,1,1,1
2026,landsat,LC09_L2SP_147040_20260601_02_T1,LC09,2026-06-01T05:24:18.012346+00:00,152,7.98,147,040,,,0,1,1,1,1
2026,landsat,LC09_L2SP_146041_20260525_02_T1,LC09,2026-05-25T05:18:33.784215+00:00,145,2.34,146,041,,,0,1,1,1,1
2026,landsat,LC09_L2SP_146040_20260525_02_T1,LC09,2026-05-25T05:18:09.893199+00:00,145,0.07,146,040,,,0,1,1,1,1
2026,landsat,LC08_L2SP_147040_20260524_02_T1,LC08,2026-05-24T05:24:07.463333+00:00,144,0.28,147,040,,,0,1,1,1,1
2026,landsat,LC08_L2SP_146041_20260517_02_T1,LC08,2026-05-17T05:18:22.008865+00:00,137,0.0,146,041,,,0,1,1,1,1
2026,landsat,LC08_L2SP_146040_20260517_02_T1,LC08,2026-05-17T05:17:58.109352+00:00,137,0.03,146,040,,,0,1,1,1,1
2026,landsat,LC09_L2SP_147040_20260516_02_T1,LC09,2026-05-16T05:24:27.537079+00:00,136,0.36,147,040,,,0,1,1,1,1
2026,landsat,LC09_L2SP_146041_20260509_02_T1,LC09,2026-05-09T05:18:48.854267+00:00,129,0.06,146,041,,,0,1,1,1,1
2026,landsat,LC09_L2SP_146040_20260509_02_T1,LC09,2026-05-09T05:18:24.959015+00:00,129,1.4,146,040,,,0,1,1,1,1
2026,landsat,LC08_L2SP_147040_20260508_02_T1,LC08,2026-05-08T05:24:19.226523+00:00,128,0.67,147,040,,,0,1,1,1,1
2026,landsat,LC08_L2SP_146041_20260501_02_T1,LC08,2026-05-01T05:18:43.143172+00:00,121,6.4,146,041,,,0,1,1,1,1
2026,landsat,LC08_L2SP_146040_20260501_02_T1,LC08,2026-05-01T05:18:19.256367+00:00,121,0.5,146,040,,,0,1,1,1,1
2026,landsat,LC09_L2SP_147040_20260430_02_T1,LC09,2026-04-30T05:24:43.818810+00:00,120,15.63,147,040,,,0,1,1,1,0
2026,landsat,LC09_L2SP_146041_20260423_02_T1,LC09,2026-04-23T05:19:00.370698+00:00,113,0.0,146,041,,,0,1,1,1,0
2026,landsat,LC09_L2SP_146040_20260423_02_T1,LC09,2026-04-23T05:18:36.475446+00:00,113,0.0,146,040,,,0,1,1,1,0
2026,landsat,LC08_L2SP_147040_20260422_02_T1,LC08,2026-04-22T05:24:33.622570+00:00,112,0.01,147,040,,,0,1,1,1,0
2026,landsat,LC08_L2SP_146041_20260415_02_T1,LC08,2026-04-15T05:18:49.050383+00:00,105,0.0,146,041,,,0,1,1,1,0
2026,landsat,LC08_L2SP_146040_20260415_02_T1,LC08,2026-04-15T05:18:25.155105+00:00,105,0.0,146,040,,,0,1,1,1,0
2026,landsat,LC09_L2SP_147040_20260414_02_T1,LC09,2026-04-14T05:24:48.913414+00:00,104,0.0,147,040,,,0,1,1,1,0
2026,landsat,LC09_L2SP_146041_20260407_02_T1,LC09,2026-04-07T05:19:04.604972+00:00,97,86.02,146,041,,,0,1,1,1,0
2026,landsat,LC09_L2SP_146040_20260407_02_T1,LC09,2026-04-07T05:18:40.713957+00:00,97,89.79,146,040,,,0,1,1,1,0
2026,landsat,LC08_L2SP_147040_20260406_02_T1,LC08,2026-04-06T05:24:37.631918+00:00,96,1.91,147,040,,,0,1,1,1,0
2026,landsat,LC08_L2SP_146041_20260330_02_T1,LC08,2026-03-30T05:18:54.461853+00:00,89,47.84,146,041,,,0,0,1,0,0
2026,landsat,LC08_L2SP_146040_20260330_02_T1,LC08,2026-03-30T05:18:30.570812+00:00,89,43.2,146,040,,,0,0,1,0,0
2026,landsat,LC09_L2SP_147040_20260329_02_T1,LC09,2026-03-29T05:24:56.985279+00:00,88,32.06,147,040,,,0,0,1,0,0
2026,landsat,LC09_L2SP_146041_20260322_02_T1,LC09,2026-03-22T05:19:10.563516+00:00,81,6.84,146,041,,,0,0,1,0,0
2026,landsat,LC09_L2SP_146040_20260322_02_T1,LC09,2026-03-22T05:18:46.668264+00:00,81,0.46,146,040,,,0,0,1,0,0
2026,landsat,LC08_L2SP_147040_20260321_02_T1,LC08,2026-03-21T05:24:48.241467+00:00,80,10.6,147,040,,,0,0,1,0,0
2026,landsat,LC08_L2SP_146041_20260314_02_T1,LC08,2026-03-14T05:19:03.682850+00:00,73,29.28,146,041,,,0,0,1,0,0
2026,landsat,LC08_L2SP_146040_20260314_02_T1,LC08,2026-03-14T05:18:39.796044+00:00,73,51.49,146,040,,,0,0,1,0,0
2026,landsat,LC09_L2SP_147040_20260313_02_T1,LC09,2026-03-13T05:25:02.927703+00:00,72,57.66,147,040,,,0,0,1,0,0
2026,landsat,LC09_L2SP_146041_20260306_02_T1,LC09,2026-03-06T05:19:21.483773+00:00,65,0.05,146,041,,,0,0,1,0,0
2026,landsat,LC09_L2SP_146040_20260306_02_T1,LC09,2026-03-06T05:18:57.588522+00:00,65,0.59,146,040,,,0,0,1,0,0
2026,landsat,LC08_L2SP_147040_20260305_02_T1,LC08,2026-03-05T05:24:57.653635+00:00,64,0.03,147,040,,,0,0,1,0,0
2026,s2,S2C_MSIL2A_20260304T052721_R105_T43RFM_20260304T102911,Sentinel-2C,2026-03-04T05:27:21.025000+00:00,63,0.000418,,,43RFM,1.0,0,0,1,0,0
2026,s2,S2A_MSIL2A_20260306T053251_R062_T43RFM_20260306T103611,Sentinel-2A,2026-03-06T05:32:51.024000+00:00,65,0.000149,,,43RFM,1.0,0,0,1,0,0
2026,s2,S2B_MSIL2A_20260309T052639_R105_T43RFM_20260309T092006,Sentinel-2B,2026-03-09T05:26:39.024000+00:00,68,15.60391,,,43RFM,0.3875,0,0,1,0,0
2026,s2,S2B_MSIL2A_20260329T052639_R105_T43RFM_20260329T092253,Sentinel-2B,2026-03-29T05:26:39.024000+00:00,88,42.225945,,,43RFM,0.0973,0,0,1,0,0
2026,s2,S2A_MSIL2A_20260405T053251_R105_T43RFM_20260405T103358,Sentinel-2A,2026-04-05T05:32:51.024000+00:00,95,6.1149,,,43RFM,0.9199,0,1,1,1,0
2026,s2,S2B_MSIL2A_20260408T052649_R105_T43RFM_20260408T091157,Sentinel-2B,2026-04-08T05:26:49.024000+00:00,98,2.617685,,,43RFM,0.8907,0,1,1,1,0
2026,s2,S2C_MSIL2A_20260413T053021_R105_T43RFM_20260413T084816,Sentinel-2C,2026-04-13T05:30:21.025000+00:00,103,15.674032,,,43RFM,0.9933,0,1,1,1,0
2026,s2,S2B_MSIL2A_20260418T052639_R105_T43RFM_20260418T091045,Sentinel-2B,2026-04-18T05:26:39.024000+00:00,108,0.425115,,,43RFM,1.0,0,1,1,1,0
2026,s2,S2C_MSIL2A_20260423T053021_R105_T43RFM_20260423T084910,Sentinel-2C,2026-04-23T05:30:21.025000+00:00,113,0.000153,,,43RFM,1.0,0,1,1,1,0
2026,s2,S2A_MSIL2A_20260425T053241_R105_T43RFM_20260425T103313,Sentinel-2A,2026-04-25T05:32:41.024000+00:00,115,25.12975,,,43RFM,1.0,0,1,1,1,0
2026,s2,S2B_MSIL2A_20260428T052639_R105_T43RFM_20260428T091040,Sentinel-2B,2026-04-28T05:26:39.024000+00:00,118,23.423104,,,43RFM,0.8497,0,1,1,1,0
2026,s2,S2C_MSIL2A_20260503T053021_R105_T43RFM_20260503T084016,Sentinel-2C,2026-05-03T05:30:21.025000+00:00,123,0.682048,,,43RFM,1.0,0,1,1,1,1
2026,s2,S2B_MSIL2A_20260508T052639_R105_T43RFM_20260508T091207,Sentinel-2B,2026-05-08T05:26:39.024000+00:00,128,0.000776,,,43RFM,1.0,0,1,1,1,1
2026,s2,S2A_MSIL2A_20260515T053241_R105_T43RFM_20260515T102157,Sentinel-2A,2026-05-15T05:32:41.024000+00:00,135,0.000531,,,43RFM,1.0,0,1,1,1,1
2026,s2,S2B_MSIL2A_20260518T052639_R105_T43RFM_20260518T091257,Sentinel-2B,2026-05-18T05:26:39.024000+00:00,138,0.000581,,,43RFM,1.0,0,1,1,1,1
2026,s2,S2C_MSIL2A_20260523T052641_R105_T43RFM_20260523T102312,Sentinel-2C,2026-05-23T05:26:41.025000+00:00,143,16.729191,,,43RFM,0.6183,0,1,1,1,1
2026,s2,S2C_MSIL2A_20260602T052641_R105_T43RFM_20260602T102053,Sentinel-2C,2026-06-02T05:26:41.025000+00:00,153,18.520738,,,43RFM,0.7372,0,1,1,1,1
2026,s2,S2B_MSIL2A_20260607T052639_R105_T43RFM_20260607T091704,Sentinel-2B,2026-06-07T05:26:39.024000+00:00,158,0.00718,,,43RFM,1.0,0,1,1,1,1
2026,s2,S2C_MSIL2A_20260612T052641_R105_T43RFM_20260612T102118,Sentinel-2C,2026-06-12T05:26:41.025000+00:00,163,51.557976,,,43RFM,0.385,0,1,1,1,1
2026,s2,S2B_MSIL2A_20260617T052649_R105_T43RFM_20260617T104156,Sentinel-2B,2026-06-17T05:26:49.024000+00:00,168,0.168122,,,43RFM,1.0,0,1,1,1,1
2026,s2,S2B_MSIL2A_20260627T052639_R105_T43RFM_20260627T091125,Sentinel-2B,2026-06-27T05:26:39.024000+00:00,178,0.002359,,,43RFM,1.0,0,1,1,1,1
2026,s2,S2B_MSIL2A_20260707T052639_R105_T43RFM_20260707T091307,Sentinel-2B,2026-07-07T05:26:39.024000+00:00,188,25.851545,,,43RFM,0.4568,1,0,0,1,0
2026,s2,S2C_MSIL2A_20260712T052651_R105_T43RFM_20260712T104114,Sentinel-2C,2026-07-12T05:26:51.025000+00:00,193,0.04148,,,43RFM,0.9999,1,0,0,1,0
2026,s2,S2A_MSIL2A_20260714T053241_R105_T43RFM_20260714T102412,Sentinel-2A,2026-07-14T05:32:41.024000+00:00,195,26.52171,,,43RFM,0.9373,1,0,0,1,0
2026,s2,S2B_MSIL2A_20260717T052649_R105_T43RFM_20260717T091139,Sentinel-2B,2026-07-17T05:26:49.024000+00:00,198,31.382385,,,43RFM,0.6969,1,0,0,1,0
2026,s2,S2B_MSIL2A_20260727T052649_R105_T43RFM_20260727T091136,Sentinel-2B,2026-07-27T05:26:49.024000+00:00,208,52.065724,,,43RFM,0.1627,1,0,0,1,0
2026,s2,S2C_MSIL2A_20260304T052721_R105_T43RFN_20260304T102911,Sentinel-2C,2026-03-04T05:27:21.025000+00:00,63,0.000259,,,43RFN,1.0,0,0,1,0,0
2026,s2,S2A_MSIL2A_20260306T053251_R062_T43RFN_20260306T103611,Sentinel-2A,2026-03-06T05:32:51.024000+00:00,65,6e-05,,,43RFN,1.0,0,0,1,0,0
2026,s2,S2B_MSIL2A_20260309T052639_R105_T43RFN_20260309T092006,Sentinel-2B,2026-03-09T05:26:39.024000+00:00,68,18.470447,,,43RFN,0.2701,0,0,1,0,0
2026,s2,S2A_MSIL2A_20260316T053251_R105_T43RFN_20260316T103911,Sentinel-2A,2026-03-16T05:32:51.024000+00:00,75,3.847495,,,43RFN,0.7183,0,0,1,0,0
2026,s2,S2B_MSIL2A_20260329T052639_R105_T43RFN_20260329T092253,Sentinel-2B,2026-03-29T05:26:39.024000+00:00,88,41.29571,,,43RFN,0.0586,0,0,1,0,0
2026,s2,S2A_MSIL2A_20260405T053251_R105_T43RFN_20260405T103358,Sentinel-2A,2026-04-05T05:32:51.024000+00:00,95,2.837346,,,43RFN,1.0,0,1,1,1,0
2026,s2,S2B_MSIL2A_20260408T052649_R105_T43RFN_20260408T091157,Sentinel-2B,2026-04-08T05:26:49.024000+00:00,98,33.291849,,,43RFN,0.6377,0,1,1,1,0
2026,s2,S2C_MSIL2A_20260413T053021_R105_T43RFN_20260413T084816,Sentinel-2C,2026-04-13T05:30:21.025000+00:00,103,0.000494,,,43RFN,0.9999,0,1,1,1,0
2026,s2,S2B_MSIL2A_20260418T052639_R105_T43RFN_20260418T091045,Sentinel-2B,2026-04-18T05:26:39.024000+00:00,108,14.428164,,,43RFN,1.0,0,1,1,1,0
2026,s2,S2C_MSIL2A_20260423T053021_R105_T43RFN_20260423T084910,Sentinel-2C,2026-04-23T05:30:21.025000+00:00,113,0.000362,,,43RFN,1.0,0,1,1,1,0
2026,s2,S2A_MSIL2A_20260425T053241_R105_T43RFN_20260425T103313,Sentinel-2A,2026-04-25T05:32:41.024000+00:00,115,4.266267,,,43RFN,1.0,0,1,1,1,0
2026,s2,S2B_MSIL2A_20260428T052639_R105_T43RFN_20260428T091040,Sentinel-2B,2026-04-28T05:26:39.024000+00:00,118,54.442501,,,43RFN,0.7234,0,1,1,1,0
2026,s2,S2C_MSIL2A_20260503T053021_R105_T43RFN_20260503T084016,Sentinel-2C,2026-05-03T05:30:21.025000+00:00,123,6.220636,,,43RFN,1.0,0,1,1,1,1
2026,s2,S2B_MSIL2A_20260508T052639_R105_T43RFN_20260508T091207,Sentinel-2B,2026-05-08T05:26:39.024000+00:00,128,3e-06,,,43RFN,1.0,0,1,1,1,1
2026,s2,S2A_MSIL2A_20260515T053241_R105_T43RFN_20260515T102157,Sentinel-2A,2026-05-15T05:32:41.024000+00:00,135,0.000133,,,43RFN,1.0,0,1,1,1,1
2026,s2,S2C_MSIL2A_20260523T052641_R105_T43RFN_20260523T102312,Sentinel-2C,2026-05-23T05:26:41.025000+00:00,143,58.448285,,,43RFN,0.0692,0,1,1,1,1
2026,s2,S2C_MSIL2A_20260602T052641_R105_T43RFN_20260602T102053,Sentinel-2C,2026-06-02T05:26:41.025000+00:00,153,13.437742,,,43RFN,0.7667,0,1,1,1,1
2026,s2,S2A_MSIL2A_20260604T053241_R105_T43RFN_20260604T090112,Sentinel-2A,2026-06-04T05:32:41.024000+00:00,155,1.50105,,,43RFN,1.0,0,1,1,1,1
2026,s2,S2B_MSIL2A_20260607T052639_R105_T43RFN_20260607T091704,Sentinel-2B,2026-06-07T05:26:39.024000+00:00,158,1.720349,,,43RFN,1.0,0,1,1,1,1
2026,s2,S2C_MSIL2A_20260612T052641_R105_T43RFN_20260612T102118,Sentinel-2C,2026-06-12T05:26:41.025000+00:00,163,58.982629,,,43RFN,0.1741,0,1,1,1,1
2026,s2,S2B_MSIL2A_20260617T052649_R105_T43RFN_20260617T104156,Sentinel-2B,2026-06-17T05:26:49.024000+00:00,168,0.020119,,,43RFN,1.0,0,1,1,1,1
2026,s2,S2A_MSIL2A_20260624T053241_R105_T43RFN_20260624T102111,Sentinel-2A,2026-06-24T05:32:41.024000+00:00,175,37.898079,,,43RFN,0.0643,0,1,1,1,1
2026,s2,S2B_MSIL2A_20260627T052639_R105_T43RFN_20260627T091125,Sentinel-2B,2026-06-27T05:26:39.024000+00:00,178,1.647689,,,43RFN,1.0,0,1,1,1,1
2026,s2,S2A_MSIL2A_20260714T053241_R105_T43RFN_20260714T102412,Sentinel-2A,2026-07-14T05:32:41.024000+00:00,195,10.333738,,,43RFN,1.0,1,0,0,1,0
2026,s2,S2B_MSIL2A_20260717T052649_R105_T43RFN_20260717T091139,Sentinel-2B,2026-07-17T05:26:49.024000+00:00,198,10.973457,,,43RFN,0.6271,1,0,0,1,0
2026,s2,S2B_MSIL2A_20260727T052649_R105_T43RFN_20260727T091136,Sentinel-2B,2026-07-27T05:26:49.024000+00:00,208,30.075783,,,43RFN,0.3538,1,0,0,1,0
2026,s2,S2C_MSIL2A_20260304T052721_R105_T43RGM_20260304T102911,Sentinel-2C,2026-03-04T05:27:21.025000+00:00,63,0.000435,,,43RGM,1.0,0,0,1,0,0
2026,s2,S2A_MSIL2A_20260306T053251_R105_T43RGM_20260310T110618,Sentinel-2A,2026-03-06T05:32:51.024000+00:00,65,0.0001,,,43RGM,1.0,0,0,1,0,0
2026,s2,S2B_MSIL2A_20260309T052639_R105_T43RGM_20260309T092006,Sentinel-2B,2026-03-09T05:26:39.024000+00:00,68,48.765492,,,43RGM,0.5141,0,0,1,0,0
2026,s2,S2C_MSIL2A_20260314T052651_R105_T43RGM_20260314T105213,Sentinel-2C,2026-03-14T05:26:51.025000+00:00,73,42.731619,,,43RGM,0.6735,0,0,1,0,0
2026,s2,S2A_MSIL2A_20260316T053251_R105_T43RGM_20260316T103911,Sentinel-2A,2026-03-16T05:32:51.024000+00:00,75,25.7965,,,43RGM,0.5878,0,0,1,0,0
2026,s2,S2A_MSIL2A_20260405T053251_R105_T43RGM_20260405T103358,Sentinel-2A,2026-04-05T05:32:51.024000+00:00,95,13.037604,,,43RGM,0.9689,0,1,1,1,0
2026,s2,S2B_MSIL2A_20260408T052649_R105_T43RGM_20260408T091157,Sentinel-2B,2026-04-08T05:26:49.024000+00:00,98,23.147969,,,43RGM,0.7379,0,1,1,1,0
2026,s2,S2C_MSIL2A_20260413T053021_R105_T43RGM_20260413T084816,Sentinel-2C,2026-04-13T05:30:21.025000+00:00,103,8.098898,,,43RGM,0.9765,0,1,1,1,0
2026,s2,S2B_MSIL2A_20260418T052639_R105_T43RGM_20260418T091045,Sentinel-2B,2026-04-18T05:26:39.024000+00:00,108,0.127866,,,43RGM,1.0,0,1,1,1,0
2026,s2,S2C_MSIL2A_20260423T053021_R105_T43RGM_20260423T084910,Sentinel-2C,2026-04-23T05:30:21.025000+00:00,113,0.000405,,,43RGM,1.0,0,1,1,1,0
2026,s2,S2A_MSIL2A_20260425T053241_R105_T43RGM_20260425T103313,Sentinel-2A,2026-04-25T05:32:41.024000+00:00,115,3.871739,,,43RGM,0.9983,0,1,1,1,0
2026,s2,S2B_MSIL2A_20260428T052639_R105_T43RGM_20260428T091040,Sentinel-2B,2026-04-28T05:26:39.024000+00:00,118,2.013832,,,43RGM,0.9448,0,1,1,1,0
2026,s2,S2C_MSIL2A_20260503T053021_R105_T43RGM_20260503T084016,Sentinel-2C,2026-05-03T05:30:21.025000+00:00,123,0.382451,,,43RGM,1.0,0,1,1,1,1
2026,s2,S2B_MSIL2A_20260508T052639_R105_T43RGM_20260508T091207,Sentinel-2B,2026-05-08T05:26:39.024000+00:00,128,0.001563,,,43RGM,1.0,0,1,1,1,1
2026,s2,S2A_MSIL2A_20260515T053241_R105_T43RGM_20260515T102157,Sentinel-2A,2026-05-15T05:32:41.024000+00:00,135,0.000282,,,43RGM,1.0,0,1,1,1,1
2026,s2,S2C_MSIL2A_20260523T052641_R105_T43RGM_20260523T102312,Sentinel-2C,2026-05-23T05:26:41.025000+00:00,143,27.800918,,,43RGM,0.6912,0,1,1,1,1
2026,s2,S2C_MSIL2A_20260602T052641_R105_T43RGM_20260602T102053,Sentinel-2C,2026-06-02T05:26:41.025000+00:00,153,26.368022,,,43RGM,0.8784,0,1,1,1,1
2026,s2,S2B_MSIL2A_20260607T052639_R105_T43RGM_20260607T091704,Sentinel-2B,2026-06-07T05:26:39.024000+00:00,158,0.028175,,,43RGM,1.0,0,1,1,1,1
2026,s2,S2B_MSIL2A_20260617T052649_R105_T43RGM_20260617T104156,Sentinel-2B,2026-06-17T05:26:49.024000+00:00,168,0.0,,,43RGM,1.0,0,1,1,1,1
2026,s2,S2C_MSIL2A_20260622T052641_R105_T43RGM_20260622T102411,Sentinel-2C,2026-06-22T05:26:41.025000+00:00,173,46.875671,,,43RGM,0.953,0,1,1,1,1
2026,s2,S2B_MSIL2A_20260627T052639_R105_T43RGM_20260627T091125,Sentinel-2B,2026-06-27T05:26:39.024000+00:00,178,0.513303,,,43RGM,1.0,0,1,1,1,1
2026,s2,S2B_MSIL2A_20260707T052639_R105_T43RGM_20260707T091307,Sentinel-2B,2026-07-07T05:26:39.024000+00:00,188,56.9269,,,43RGM,0.231,1,0,0,1,0
2026,s2,S2C_MSIL2A_20260712T052651_R105_T43RGM_20260712T104114,Sentinel-2C,2026-07-12T05:26:51.025000+00:00,193,0.101669,,,43RGM,1.0,1,0,0,1,0
2026,s2,S2A_MSIL2A_20260714T053241_R105_T43RGM_20260714T102412,Sentinel-2A,2026-07-14T05:32:41.024000+00:00,195,55.307996,,,43RGM,0.915,1,0,0,1,0
2026,s2,S2B_MSIL2A_20260717T052649_R105_T43RGM_20260717T091139,Sentinel-2B,2026-07-17T05:26:49.024000+00:00,198,56.015265,,,43RGM,0.5656,1,0,0,1,0
2026,s2,S2C_MSIL2A_20260304T052721_R105_T43RGN_20260304T102911,Sentinel-2C,2026-03-04T05:27:21.025000+00:00,63,0.0,,,43RGN,1.0,0,0,1,0,0
2026,s2,S2A_MSIL2A_20260306T053251_R105_T43RGN_20260310T110618,Sentinel-2A,2026-03-06T05:32:51.024000+00:00,65,9.3e-05,,,43RGN,1.0,0,0,1,0,0
2026,s2,S2B_MSIL2A_20260309T052639_R105_T43RGN_20260309T092006,Sentinel-2B,2026-03-09T05:26:39.024000+00:00,68,31.587967,,,43RGN,0.3822,0,0,1,0,0
2026,s2,S2A_MSIL2A_20260316T053251_R105_T43RGN_20260316T103911,Sentinel-2A,2026-03-16T05:32:51.024000+00:00,75,0.118244,,,43RGN,0.9631,0,0,1,0,0
2026,s2,S2A_MSIL2A_20260405T053251_R105_T43RGN_20260405T103358,Sentinel-2A,2026-04-05T05:32:51.024000+00:00,95,10.415898,,,43RGN,0.9985,0,1,1,1,0
2026,s2,S2C_MSIL2A_20260413T053021_R105_T43RGN_20260413T084816,Sentinel-2C,2026-04-13T05:30:21.025000+00:00,103,7.400556,,,43RGN,0.9999,0,1,1,1,0
2026,s2,S2B_MSIL2A_20260418T052639_R105_T43RGN_20260418T091045,Sentinel-2B,2026-04-18T05:26:39.024000+00:00,108,21.421787,,,43RGN,1.0,0,1,1,1,0
2026,s2,S2C_MSIL2A_20260423T053021_R105_T43RGN_20260423T084910,Sentinel-2C,2026-04-23T05:30:21.025000+00:00,113,0.000581,,,43RGN,0.9999,0,1,1,1,0
2026,s2,S2A_MSIL2A_20260425T053241_R105_T43RGN_20260425T103313,Sentinel-2A,2026-04-25T05:32:41.024000+00:00,115,0.004207,,,43RGN,1.0,0,1,1,1,0
2026,s2,S2B_MSIL2A_20260428T052639_R105_T43RGN_20260428T091040,Sentinel-2B,2026-04-28T05:26:39.024000+00:00,118,49.764711,,,43RGN,0.8749,0,1,1,1,0
2026,s2,S2C_MSIL2A_20260503T053021_R105_T43RGN_20260503T084016,Sentinel-2C,2026-05-03T05:30:21.025000+00:00,123,37.75807,,,43RGN,1.0,0,1,1,1,1
2026,s2,S2B_MSIL2A_20260508T052639_R105_T43RGN_20260508T091207,Sentinel-2B,2026-05-08T05:26:39.024000+00:00,128,0.572616,,,43RGN,1.0,0,1,1,1,1
2026,s2,S2A_MSIL2A_20260515T053241_R105_T43RGN_20260515T102157,Sentinel-2A,2026-05-15T05:32:41.024000+00:00,135,1.439252,,,43RGN,1.0,0,1,1,1,1
2026,s2,S2C_MSIL2A_20260523T052641_R105_T43RGN_20260523T102312,Sentinel-2C,2026-05-23T05:26:41.025000+00:00,143,6.000667,,,43RGN,0.0672,0,1,1,1,1
2026,s2,S2C_MSIL2A_20260602T052641_R105_T43RGN_20260602T102053,Sentinel-2C,2026-06-02T05:26:41.025000+00:00,153,1.201476,,,43RGN,0.9275,0,1,1,1,1
2026,s2,S2B_MSIL2A_20260607T052639_R105_T43RGN_20260607T091704,Sentinel-2B,2026-06-07T05:26:39.024000+00:00,158,16.317302,,,43RGN,1.0,0,1,1,1,1
2026,s2,S2C_MSIL2A_20260612T052641_R105_T43RGN_20260612T102118,Sentinel-2C,2026-06-12T05:26:41.025000+00:00,163,53.68678,,,43RGN,0.4632,0,1,1,1,1
2026,s2,S2B_MSIL2A_20260617T052649_R105_T43RGN_20260617T104156,Sentinel-2B,2026-06-17T05:26:49.024000+00:00,168,3e-06,,,43RGN,1.0,0,1,1,1,1
2026,s2,S2C_MSIL2A_20260622T052641_R105_T43RGN_20260622T102411,Sentinel-2C,2026-06-22T05:26:41.025000+00:00,173,23.926643,,,43RGN,0.9288,0,1,1,1,1
2026,s2,S2B_MSIL2A_20260627T052639_R105_T43RGN_20260627T091125,Sentinel-2B,2026-06-27T05:26:39.024000+00:00,178,0.12341,,,43RGN,1.0,0,1,1,1,1
2026,s2,S2C_MSIL2A_20260712T052651_R105_T43RGN_20260712T104114,Sentinel-2C,2026-07-12T05:26:51.025000+00:00,193,5.471807,,,43RGN,1.0,1,0,0,1,0
2026,s2,S2A_MSIL2A_20260714T053241_R105_T43RGN_20260714T102412,Sentinel-2A,2026-07-14T05:32:41.024000+00:00,195,12.292444,,,43RGN,1.0,1,0,0,1,0
2026,s2,S2B_MSIL2A_20260717T052649_R105_T43RGN_20260717T091139,Sentinel-2B,2026-07-17T05:26:49.024000+00:00,198,46.938521,,,43RGN,0.5853,1,0,0,1,0
2026,s2,S2C_MSIL2A_20260722T052651_R105_T43RGN_20260722T102614,Sentinel-2C,2026-07-22T05:26:51.025000+00:00,203,55.564576,,,43RGN,0.039,1,0,0,1,0
