window,year,collection,n_scenes,n_scenes_L8,n_scenes_L9,n_tiles_S2,first_date,last_date,doy_std,scene_cloud_min,scene_cloud_median,scene_cloud_max,valid_coverage_pct,valid_coverage_2plus_pct,st_coverage_pct,st_coverage_2plus_pct,st_mean_C,st_std_C,st_p5_C,st_p95_C,st_interscene_std_C,obs_count_median_per_cell,s2_native10m_coverage_pct
W0,2022,landsat,3,0,3,,2022-07-08,2022-07-17,4.242640687119285,30.57,35.75,43.64,91.61,25.24,88.89,16.49,39.57679915835397,5.8528552594604655,29.893341064453125,48.080596923828125,0.9016408763054363,1.0,
W1,2022,landsat,12,0,12,,2022-04-03,2022-06-15,21.421692017412838,0.0,0.035,42.48,99.98,99.98,99.98,99.98,44.08823425801708,2.9642281960938877,39.480873107910156,49.59051647186279,3.700577353348353,8.0,
W2,2022,landsat,17,0,17,,2022-03-02,2022-06-15,32.81636017003849,0.0,0.03,42.48,99.98,99.98,99.98,99.98,40.559323142572836,2.604299777389268,36.58674385764382,45.42605313387784,6.762891874616113,11.0,
W3,2022,landsat,15,0,15,,2022-04-03,2022-07-17,31.18646430032676,0.0,0.15,43.64,99.98,99.98,99.98,99.98,43.38930922499332,3.088590766943005,38.60852728949653,49.129191080729164,4.277419799556044,9.0,
W4,2022,landsat,8,0,8,,2022-05-05,2022-06-15,14.077908225301087,0.0,0.35500000000000004,42.48,99.98,99.98,99.98,99.98,43.78490602638839,2.9120133105115324,39.19649047851563,49.00347900390625,4.222425355484882,5.0,
W0,2023,landsat,6,0,6,,2023-07-04,2023-07-27,8.65383665716478,9.09,36.615,68.16,94.82,59.45,89.01,50.04,36.541885988123525,7.088679900917235,25.17474365234375,46.990264892578125,4.096240239376849,2.0,
W1,2023,landsat,15,0,15,,2023-04-06,2023-06-25,24.957742063113177,0.01,5.34,85.79,99.98,99.98,99.98,99.97,40.15631387200381,2.389616657819514,36.23443389892578,44.12639617919922,4.058216604186693,7.0,
W2,2023,landsat,19,0,19,,2023-03-05,2023-06-25,32.50944887148931,0.01,6.55,85.79,99.98,99.98,99.98,99.98,38.54992850743234,2.138813098807251,35.03464385986328,41.95683616638183,4.692252166587366,9.0,
W3,2023,landsat,21,0,21,,2023-04-06,2023-07-27,33.83754707180671,0.01,26.52,85.79,99.98,99.98,99.98,99.97,39.30362906077527,2.6725568516906772,34.68581638336182,43.29709167480469,5.289516373884398,9.0,
W4,2023,landsat,11,0,11,,2023-05-01,2023-06-25,17.09381019864904,0.05,26.52,85.79,99.96,99.91,99.95,98.18,39.225235251896024,2.4159801327618395,35.246795654296875,43.20310668945312,3.968616875187171,4.0,
W0,2024,landsat,4,0,4,,2024-07-13,2024-07-29,5.678908345800274,34.84,56.785,65.69,79.37,36.68,70.88,21.57,38.08629168361338,4.182565483375745,30.939239501953125,44.39599609375,0.768954400028382,1.0,
W1,2024,landsat,18,0,18,,2024-04-01,2024-06-27,27.523727137790686,0.0,1.31,61.61,99.98,99.98,99.98,99.98,42.722769445295484,3.2681735983405567,37.316346435546876,47.971245956420894,6.880902551603524,8.0,
W2,2024,landsat,22,0,22,,2024-03-07,2024-06-27,33.77269668419024,0.0,1.99,67.01,99.98,99.98,99.98,99.98,40.42018549799808,2.680122747968026,35.863818889194064,44.59879675971137,8.367026859397697,11.0,
W3,2024,landsat,22,0,22,,2024-04-01,2024-07-29,36.569869727698325,0.0,10.905,65.69,99.98,99.98,99.98,99.98,42.21002982905607,3.0779071455198785,37.15148792266846,47.165016174316406,6.871956869214028,9.0,
W4,2024,landsat,12,0,12,,2024-05-03,2024-06-27,18.190351532856337,0.0,1.99,61.61,99.98,99.98,99.98,99.76,44.98818633397949,4.439471416314036,37.72260620117188,52.08585418701172,6.854262117510118,5.0,
W0,2025,landsat,5,0,5,,2025-07-09,2025-07-25,7.166589146867566,40.38,66.48,99.95,50.73,13.86,42.52,8.45,39.111859864507686,4.7833886060536805,31.069122314453125,46.880889892578125,0.46830282483683916,1.0,
W1,2025,landsat,17,0,17,,2025-04-04,2025-06-23,26.035642325094976,0.0,1.92,65.61,99.98,99.98,99.98,99.98,40.21135915642542,2.7283782580484828,35.95603942871094,45.08756629096137,3.917957702429204,9.0,
W2,2025,landsat,23,0,23,,2025-03-03,2025-06-23,35.31034431832996,0.0,1.16,65.61,99.98,99.98,99.98,99.98,38.20670231742504,2.371804411181167,34.49635197566106,42.43036440335787,5.239560341444338,13.0,
W3,2025,landsat,22,0,22,,2025-04-04,2025-07-25,35.45314682555994,0.0,19.775000000000002,99.95,99.98,99.98,99.98,99.98,40.171471166790916,2.66443910087364,35.97150573730469,44.83779530958695,3.9796607196376703,10.0,
W4,2025,landsat,11,0,11,,2025-05-06,2025-06-23,16.717388383960138,0.07,33.95,65.61,99.98,99.98,99.98,99.96,40.41057413599795,3.147287433254139,35.433939615885414,45.834971822102865,4.7814629940329665,5.0,
W0,2026,landsat,5,0,5,,2026-07-03,2026-07-28,8.328265125462805,3.91,35.33,76.48,99.45,32.51,99.18,18.57,34.8349969778888,2.7842177784859246,31.185333251953125,40.46356201171875,1.0083251077202,1.0,
W1,2026,landsat,15,0,15,,2026-04-07,2026-06-17,22.866763848189994,0.0,0.42,89.79,99.98,99.98,99.98,99.98,43.34860828520684,3.027027729878261,38.7486572265625,48.75205942789714,1.8567575864723609,9.0,
W2,2026,landsat,21,0,21,,2026-03-06,2026-06-17,32.169688977186105,0.0,0.58,89.79,99.98,99.98,99.98,99.98,40.728759033994066,2.8385825246401093,36.48099488152398,45.64667400013317,5.300683720523843,11.0,
W3,2026,landsat,20,0,20,,2026-04-07,2026-07-28,34.478217761363474,0.0,1.8699999999999999,89.79,99.98,99.98,99.98,99.98,42.296780802939615,2.8017837599947706,38.00975341796875,47.28114120483398,3.4753446684913154,10.0,
W4,2026,landsat,9,0,9,,2026-05-09,2026-06-17,13.474255287605157,0.02,0.42,7.98,99.98,99.98,99.98,99.98,43.46102687743325,3.1742324890841407,38.75568644205729,49.188618977864586,1.755291598714039,6.0,
